left_eye,right_eye,stress
"[0, 0, 0, 0, 0, 0, 0, 5, 9, 11, 12, 0, 0, 0, 0, 0, 0, 0, 0, 8, 10, 10, 11, 11, 13, 13, 11, 0, 0, 0, 0, 0, 0, 13, 14, 11, 9, 11, 12, 15, 16, 22, 35, 11, 0, 0, 5, 22, 24, 17, 10, 8, 8, 10, 14, 17, 29, 58, 58, 5, 2, 20, 24, 31, 23, 11, 7, 6, 7, 12, 17, 35, 61, 66, 42, 22, 20, 24, 34, 31, 16, 11, 11, 9, 13, 25, 49, 62, 18, 0, 0, 0, 0, 21, 27, 23, 17, 16, 19, 26, 41, 34, 0, 0, 0]","[0, 0, 0, 0, 2, 11, 11, 11, 10, 11, 2, 0, 0, 0, 0, 0, 0, 0, 12, 13, 12, 13, 12, 12, 14, 15, 0, 0, 0, 0, 0, 10, 18, 12, 12, 11, 12, 14, 14, 20, 22, 18, 9, 0, 0, 38, 38, 22, 14, 12, 10, 11, 13, 17, 27, 30, 24, 15, 4, 0, 7, 49, 33, 19, 13, 11, 9, 11, 22, 36, 34, 28, 20, 13, 2, 0, 0, 26, 30, 19, 12, 11, 20, 34, 39, 32, 25, 20, 17, 14, 0, 0, 0, 0, 35, 26, 24, 34, 33, 30, 26, 19, 12, 0, 0]",1
"[0, 0, 0, 0, 6, 10, 10, 9, 6, 8, 13, 2, 0, 0, 0, 0, 0, 0, 2, 12, 9, 8, 8, 7, 9, 12, 15, 14, 0, 0, 0, 0, 0, 21, 18, 8, 5, 6, 10, 14, 17, 21, 33, 27, 4, 0, 7, 18, 23, 18, 7, 4, 5, 9, 16, 20, 26, 47, 52, 26, 2, 15, 21, 24, 18, 8, 4, 5, 8, 16, 22, 30, 59, 61, 8, 18, 18, 23, 26, 22, 12, 7, 6, 9, 15, 22, 35, 48, 0, 0, 0, 0, 0, 24, 24, 19, 10, 9, 11, 14, 22, 4, 0, 0, 0]","[0, 0, 0, 0, 3, 3, 4, 6, 8, 10, 8, 0, 0, 0, 0, 0, 17, 24, 8, 3, 3, 5, 10, 10, 8, 14, 5, 0, 0, 0, 28, 39, 33, 10, 4, 3, 4, 7, 9, 9, 17, 17, 12, 0, 0, 9, 46, 37, 15, 7, 5, 4, 5, 5, 10, 17, 17, 14, 6, 0, 0, 0, 44, 21, 7, 5, 4, 4, 7, 17, 20, 17, 14, 11, 2, 0, 0, 0, 26, 9, 6, 5, 6, 11, 18, 17, 13, 13, 12, 14, 0, 0, 0, 0, 10, 9, 10, 10, 15, 18, 17, 14, 0, 0, 0]",1
"[0, 0, 0, 0, 8, 10, 9, 9, 10, 13, 16, 0, 0, 0, 0, 0, 0, 0, 8, 8, 7, 8, 8, 7, 10, 12, 18, 11, 0, 0, 0, 0, 8, 15, 11, 8, 7, 8, 10, 13, 15, 22, 30, 27, 3, 0, 6, 21, 22, 14, 8, 7, 8, 10, 15, 18, 31, 46, 38, 24, 2, 22, 28, 29, 19, 10, 8, 10, 11, 16, 23, 41, 62, 56, 5, 22, 24, 29, 31, 24, 15, 11, 10, 13, 20, 36, 54, 33, 0, 0, 0, 0, 0, 20, 26, 23, 19, 19, 23, 30, 40, 0, 0, 0, 0]","[0, 0, 0, 0, 8, 10, 11, 11, 12, 13, 3, 0, 0, 0, 0, 0, 3, 8, 7, 7, 7, 6, 7, 10, 12, 12, 0, 0, 0, 0, 22, 18, 10, 8, 7, 5, 6, 8, 14, 17, 15, 15, 9, 0, 0, 5, 32, 17, 10, 9, 7, 8, 8, 23, 32, 26, 18, 14, 5, 0, 0, 15, 27, 15, 11, 9, 9, 17, 32, 36, 30, 22, 16, 12, 2, 0, 0, 0, 20, 15, 17, 18, 29, 35, 31, 27, 22, 18, 14, 15, 0, 0, 0, 0, 25, 25, 27, 31, 30, 26, 23, 20, 13, 0, 0]",1
"[0, 0, 0, 0, 7, 9, 9, 8, 8, 11, 13, 0, 0, 0, 0, 0, 0, 0, 7, 8, 9, 7, 8, 8, 11, 14, 20, 13, 0, 0, 0, 5, 17, 14, 10, 10, 8, 9, 12, 14, 16, 29, 38, 28, 2, 2, 18, 21, 18, 13, 9, 8, 9, 13, 17, 24, 45, 61, 45, 26, 19, 20, 25, 25, 20, 12, 9, 9, 12, 19, 31, 57, 67, 57, 5, 0, 7, 25, 27, 25, 18, 13, 12, 16, 29, 49, 65, 35, 0, 0, 0, 0, 0, 0, 24, 26, 24, 27, 33, 43, 48, 0, 0, 0, 0]","[0, 0, 0, 1, 3, 11, 10, 10, 0, 1, 1, 0, 0, 0, 0, 0, 2, 4, 11, 10, 9, 7, 6, 7, 9, 10, 2, 0, 0, 0, 12, 19, 22, 11, 8, 7, 7, 5, 9, 14, 17, 12, 3, 0, 0, 21, 45, 35, 16, 10, 8, 8, 7, 13, 22, 26, 21, 12, 3, 0, 2, 18, 38, 31, 15, 10, 9, 9, 20, 31, 32, 25, 18, 11, 1, 0, 0, 8, 8, 28, 17, 18, 23, 34, 36, 31, 25, 20, 16, 11, 0, 0, 0, 0, 2, 1, 1, 31, 34, 31, 26, 23, 14, 1, 1]",1
"[0, 0, 0, 0, 1, 1, 1, 5, 8, 10, 10, 4, 0, 0, 0, 0, 0, 0, 1, 6, 6, 7, 9, 10, 12, 18, 26, 14, 0, 0, 0, 0, 1, 13, 8, 6, 8, 10, 14, 18, 25, 54, 47, 26, 8, 0, 7, 19, 18, 11, 6, 6, 7, 12, 20, 32, 65, 69, 45, 17, 5, 19, 25, 24, 14, 7, 7, 7, 13, 20, 40, 70, 74, 49, 1, 12, 14, 26, 29, 25, 13, 9, 10, 16, 36, 58, 72, 42, 0, 0, 0, 0, 5, 6, 23, 27, 23, 25, 32, 54, 62, 20, 0, 0, 0]","[0, 0, 0, 2, 10, 8, 8, 1, 1, 1, 0, 0, 0, 0, 0, 0, 0, 9, 10, 8, 9, 8, 7, 6, 10, 8, 2, 0, 0, 0, 11, 30, 16, 9, 7, 8, 9, 9, 8, 22, 19, 13, 1, 0, 0, 30, 50, 29, 11, 8, 7, 8, 11, 17, 30, 29, 21, 13, 5, 0, 1, 59, 48, 20, 10, 9, 9, 12, 30, 39, 30, 25, 17, 13, 4, 0, 0, 26, 39, 17, 14, 15, 24, 40, 39, 31, 24, 19, 10, 10, 0, 0, 0, 21, 34, 30, 30, 32, 34, 30, 25, 5, 4, 0, 0]",1
"[0, 0, 0, 0, 0, 1, 0, 5, 11, 13, 2, 1, 0, 0, 0, 0, 0, 0, 1, 2, 8, 6, 8, 9, 12, 16, 13, 5, 0, 0, 0, 0, 1, 8, 7, 7, 8, 10, 12, 14, 17, 24, 25, 10, 2, 0, 0, 10, 14, 9, 8, 7, 9, 14, 17, 23, 40, 39, 30, 16, 2, 11, 20, 19, 12, 8, 5, 7, 15, 19, 28, 53, 59, 38, 13, 14, 18, 23, 24, 16, 11, 6, 8, 13, 19, 40, 60, 64, 9, 1, 1, 1, 5, 25, 21, 16, 11, 12, 15, 30, 57, 42, 5, 0, 0]","[0, 0, 0, 1, 5, 12, 11, 11, 1, 1, 0, 0, 0, 0, 0, 0, 0, 3, 9, 9, 9, 8, 8, 9, 9, 6, 2, 0, 0, 0, 3, 10, 17, 12, 8, 7, 7, 9, 8, 13, 14, 11, 2, 0, 0, 22, 36, 26, 13, 7, 6, 7, 10, 12, 23, 22, 17, 9, 0, 0, 14, 43, 37, 18, 10, 7, 7, 8, 18, 31, 29, 21, 15, 9, 2, 0, 9, 19, 26, 14, 8, 9, 11, 25, 34, 30, 22, 17, 16, 12, 0, 0, 1, 2, 24, 16, 19, 24, 31, 34, 27, 21, 7, 1, 1]",1
"[0, 0, 0, 0, 0, 1, 1, 1, 10, 14, 16, 1, 0, 0, 0, 0, 0, 0, 2, 3, 8, 8, 8, 10, 12, 15, 17, 7, 0, 0, 0, 0, 1, 12, 14, 9, 7, 7, 9, 14, 16, 23, 32, 14, 3, 0, 0, 12, 21, 17, 10, 7, 7, 8, 14, 19, 30, 47, 46, 20, 2, 11, 22, 24, 20, 11, 8, 7, 8, 13, 20, 34, 57, 56, 19, 14, 18, 22, 24, 23, 16, 8, 9, 9, 15, 21, 44, 58, 12, 2, 1, 1, 2, 15, 25, 20, 15, 15, 15, 20, 34, 33, 4, 0, 0]","[0, 0, 0, 1, 9, 10, 8, 7, 7, 10, 1, 0, 0, 0, 0, 0, 5, 8, 9, 8, 8, 10, 8, 6, 15, 15, 4, 2, 0, 0, 13, 29, 16, 9, 8, 7, 8, 7, 8, 21, 22, 18, 10, 0, 0, 25, 41, 22, 11, 9, 6, 6, 6, 13, 28, 28, 22, 16, 7, 2, 5, 16, 31, 16, 12, 7, 7, 8, 23, 30, 27, 23, 16, 14, 12, 0, 0, 22, 24, 16, 10, 9, 16, 30, 28, 24, 21, 17, 15, 3, 0, 0, 1, 4, 21, 15, 15, 22, 28, 23, 21, 3, 1, 1, 0]",1
"[0, 0, 0, 0, 2, 11, 9, 10, 10, 12, 14, 0, 0, 0, 0, 0, 0, 0, 18, 12, 9, 8, 11, 12, 15, 18, 25, 19, 0, 0, 0, 0, 17, 23, 13, 8, 8, 9, 11, 17, 21, 36, 55, 51, 6, 3, 23, 26, 25, 16, 11, 9, 8, 10, 16, 24, 44, 66, 61, 35, 23, 24, 26, 26, 20, 15, 11, 9, 9, 16, 27, 51, 60, 50, 6, 0, 10, 25, 26, 24, 19, 15, 14, 13, 17, 30, 51, 35, 0, 0, 0, 0, 0, 0, 24, 21, 18, 16, 17, 24, 31, 0, 0, 0, 0]","[0, 0, 0, 1, 6, 10, 9, 10, 11, 12, 8, 0, 0, 0, 0, 0, 0, 4, 14, 12, 10, 11, 11, 11, 15, 20, 7, 3, 0, 0, 2, 13, 20, 13, 11, 9, 10, 11, 11, 19, 28, 24, 15, 2, 0, 25, 42, 29, 14, 11, 8, 9, 9, 10, 21, 32, 28, 19, 11, 1, 16, 33, 38, 19, 13, 11, 9, 10, 14, 28, 34, 29, 21, 17, 12, 0, 5, 9, 29, 17, 14, 12, 14, 18, 28, 28, 25, 22, 12, 4, 0, 0, 0, 2, 12, 20, 18, 21, 22, 23, 22, 5, 2, 1, 0]",1
"[0, 0, 0, 0, 1, 1, 1, 9, 10, 10, 4, 3, 0, 0, 0, 0, 0, 0, 4, 7, 7, 8, 10, 11, 14, 17, 24, 12, 0, 0, 0, 0, 9, 14, 9, 7, 8, 8, 12, 16, 22, 38, 57, 40, 4, 0, 9, 23, 20, 12, 9, 9, 8, 11, 18, 25, 45, 71, 67, 45, 7, 21, 26, 26, 20, 14, 12, 11, 12, 19, 31, 55, 62, 42, 5, 8, 14, 24, 27, 26, 23, 22, 21, 22, 30, 46, 26, 19, 0, 0, 0, 1, 3, 4, 26, 27, 29, 30, 4, 5, 8, 0, 0, 0, 0]","[0, 0, 0, 1, 8, 8, 7, 7, 9, 9, 7, 0, 0, 0, 0, 0, 3, 3, 10, 9, 9, 9, 10, 12, 15, 13, 6, 0, 0, 0, 15, 20, 15, 10, 8, 7, 9, 11, 18, 25, 22, 17, 5, 0, 0, 26, 42, 25, 12, 9, 7, 8, 13, 23, 30, 29, 22, 15, 5, 0, 4, 39, 40, 20, 12, 10, 11, 20, 29, 34, 31, 25, 18, 13, 2, 0, 7, 10, 35, 23, 18, 21, 31, 34, 34, 27, 23, 19, 17, 13, 0, 0, 0, 18, 35, 29, 30, 33, 29, 27, 23, 19, 1, 1, 1]",1
"[0, 0, 0, 0, 0, 0, 0, 0, 6, 10, 14, 1, 0, 0, 0, 0, 0, 0, 0, 2, 4, 4, 5, 6, 7, 11, 13, 4, 2, 0, 0, 0, 0, 3, 6, 5, 4, 4, 5, 7, 10, 14, 20, 14, 1, 0, 2, 6, 12, 9, 6, 6, 5, 6, 10, 13, 23, 37, 35, 17, 1, 10, 13, 16, 13, 8, 7, 7, 7, 10, 17, 36, 57, 56, 16, 13, 14, 14, 17, 17, 13, 10, 9, 8, 12, 24, 51, 46, 13, 2, 1, 1, 1, 17, 20, 19, 15, 14, 14, 21, 36, 4, 3, 0, 0]","[0, 0, 0, 1, 4, 6, 6, 3, 0, 0, 0, 0, 0, 0, 0, 2, 2, 7, 6, 5, 5, 6, 5, 5, 3, 0, 0, 0, 0, 9, 11, 11, 6, 5, 5, 6, 8, 8, 8, 8, 4, 2, 0, 0, 15, 26, 14, 9, 6, 5, 7, 10, 13, 17, 16, 11, 8, 2, 0, 2, 25, 25, 14, 7, 5, 7, 13, 22, 25, 23, 16, 11, 6, 1, 0, 5, 6, 21, 9, 6, 12, 21, 28, 28, 26, 18, 12, 9, 9, 0, 0, 0, 5, 21, 19, 24, 28, 28, 25, 22, 17, 1, 1, 1]",1
"[0, 0, 0, 0, 0, 0, 0, 0, 4, 6, 6, 0, 0, 0, 0, 0, 0, 0, 0, 0, 2, 3, 3, 2, 3, 4, 6, 4, 0, 0, 0, 0, 0, 4, 3, 2, 3, 3, 2, 4, 6, 8, 11, 9, 1, 0, 0, 5, 10, 6, 2, 2, 2, 3, 5, 6, 18, 27, 17, 9, 1, 8, 13, 17, 10, 2, 2, 2, 3, 5, 7, 28, 40, 28, 2, 5, 10, 16, 22, 17, 7, 3, 2, 3, 7, 16, 33, 21, 0, 0, 0, 0, 0, 14, 21, 14, 8, 5, 5, 14, 23, 0, 0, 0, 0]","[0, 0, 0, 0, 4, 4, 3, 3, 3, 2, 3, 0, 0, 0, 0, 0, 0, 0, 2, 5, 4, 2, 3, 3, 2, 3, 2, 0, 0, 0, 0, 4, 11, 4, 3, 2, 2, 2, 2, 5, 10, 9, 4, 1, 0, 2, 20, 17, 7, 3, 3, 2, 2, 3, 9, 15, 12, 6, 3, 0, 23, 27, 25, 17, 8, 4, 2, 4, 8, 14, 15, 10, 7, 7, 7, 0, 8, 25, 22, 13, 6, 5, 6, 11, 15, 13, 9, 8, 2, 0, 0, 0, 0, 15, 17, 11, 11, 10, 11, 12, 10, 0, 0, 0, 0]",1
"[0, 0, 0, 0, 8, 26, 24, 23, 25, 27, 8, 0, 0, 0, 0, 0, 0, 0, 7, 29, 27, 25, 25, 26, 27, 33, 44, 8, 0, 0, 0, 0, 7, 42, 36, 27, 26, 25, 27, 33, 45, 68, 73, 53, 2, 0, 5, 46, 52, 42, 28, 26, 26, 29, 37, 55, 82, 92, 76, 47, 1, 39, 47, 50, 49, 36, 26, 26, 31, 42, 65, 85, 82, 72, 2, 39, 41, 43, 47, 49, 43, 37, 36, 43, 52, 67, 77, 13, 0, 0, 0, 0, 7, 43, 43, 43, 44, 47, 21, 0, 0, 0, 0, 0, 0]","[0, 0, 0, 7, 27, 26, 26, 13, 0, 0, 0, 0, 0, 0, 0, 0, 0, 5, 28, 25, 25, 25, 24, 24, 25, 7, 0, 0, 0, 0, 1, 34, 32, 26, 24, 24, 23, 22, 25, 32, 34, 8, 0, 0, 0, 57, 59, 43, 28, 23, 23, 23, 26, 32, 43, 44, 35, 29, 3, 0, 2, 70, 56, 37, 26, 24, 24, 28, 38, 50, 49, 42, 37, 35, 1, 0, 0, 10, 56, 40, 28, 30, 38, 47, 52, 46, 42, 38, 36, 36, 0, 0, 0, 12, 52, 47, 45, 44, 42, 42, 41, 41, 7, 0, 0]",1
"[0, 0, 0, 0, 6, 19, 18, 17, 19, 22, 7, 0, 0, 0, 0, 0, 0, 0, 5, 20, 20, 20, 18, 19, 23, 24, 32, 6, 0, 0, 0, 2, 22, 26, 27, 20, 19, 20, 22, 25, 36, 58, 49, 33, 1, 0, 17, 37, 40, 32, 21, 19, 21, 24, 29, 46, 72, 76, 58, 21, 11, 31, 39, 42, 36, 25, 21, 22, 26, 36, 56, 77, 77, 62, 27, 22, 25, 32, 41, 39, 32, 28, 27, 33, 46, 63, 74, 58, 45, 1, 0, 0, 6, 37, 39, 40, 40, 40, 48, 59, 66, 64, 10, 0, 0]","[0, 0, 0, 13, 26, 23, 21, 20, 22, 22, 13, 0, 0, 0, 0, 0, 6, 27, 26, 25, 22, 20, 19, 21, 23, 22, 10, 0, 0, 26, 33, 47, 36, 26, 22, 19, 20, 24, 29, 30, 24, 6, 0, 0, 22, 57, 63, 47, 28, 22, 21, 22, 27, 36, 39, 35, 21, 3, 0, 3, 42, 55, 59, 34, 24, 24, 25, 33, 44, 45, 39, 34, 15, 1, 0, 0, 19, 52, 42, 34, 30, 33, 45, 49, 45, 40, 37, 33, 9, 0, 0, 0, 0, 30, 48, 43, 42, 47, 48, 43, 39, 37, 36, 34]",1
"[ 0, 0, 0, 0, 11, 19, 20, 18, 20, 22, 14, 0, 0, 0, 0, 0, 0, 0, 10, 20, 19, 18, 17, 19, 23, 27, 31, 11, 0, 0, 0, 0, 11, 32, 26, 20, 20, 18, 20, 28, 35, 52, 60, 38, 2, 0, 8, 40, 44, 35, 22, 20, 17, 20, 29, 39, 64, 82, 60, 29, 2, 39, 47, 52, 46, 31, 22, 19, 22, 32, 47, 73, 83, 68, 4, 31, 39, 45, 52, 54, 43, 29, 27, 30, 41, 65, 80, 71, 13, 0, 0, 0, 0, 22, 47, 45, 42, 47, 51, 62, 71, 34, 0, 0, 0]","[ 0, 0, 1, 2, 25, 27, 26, 14, 2, 2, 0, 0, 0, 0, 0, 1, 12, 20, 27, 24, 25, 24, 26, 27, 29, 6, 0, 0, 0, 0, 27, 61, 47, 29, 22, 23, 23, 27, 31, 39, 34, 12, 5, 0, 0, 37, 76, 67, 41, 27, 23, 23, 31, 41, 49, 43, 34, 23, 5, 0, 3, 28, 50, 57, 40, 31, 32, 41, 49, 51, 44, 37, 34, 24, 2, 0, 0, 8, 13, 48, 46, 47, 49, 48, 44, 39, 38, 37, 35, 29, 0, 0, 0, 0, 3, 3, 4, 24, 43, 39, 39, 38, 20, 3, 3]",1
"[ 0, 0, 0, 0, 21, 22, 24, 0, 0, 0, 0, 0, 0, 0, 0, 0, 0, 0, 24, 23, 22, 23, 24, 22, 24, 28, 0, 0, 0, 0, 0, 0, 31, 31, 26, 23, 23, 25, 27, 26, 30, 42, 46, 0, 0, 0, 35, 41, 41, 30, 23, 22, 23, 28, 32, 45, 73, 78, 54, 41, 34, 37, 44, 47, 38, 28, 23, 23, 29, 39, 60, 80, 82, 61, 0, 0, 0, 0, 44, 42, 37, 32, 29, 40, 57, 70, 71, 64, 0, 0, 0, 0, 0, 0, 0, 0, 0, 0, 50, 54, 56, 0, 0, 0, 0]","[ 0, 0, 0, 6, 25, 23, 22, 20, 22, 23, 24, 5, 0, 0, 0, 0, 4, 35, 29, 26, 23, 21, 20, 22, 26, 27, 23, 4, 0, 0, 35, 39, 57, 45, 29, 22, 21, 21, 24, 31, 34, 31, 20, 2, 0, 28, 64, 68, 58, 38, 24, 21, 22, 28, 37, 41, 36, 31, 16, 0, 1, 45, 50, 65, 49, 32, 26, 26, 33, 41, 44, 39, 34, 30, 11, 0, 0, 9, 54, 56, 44, 37, 35, 38, 42, 43, 39, 29, 25, 24, 0, 0, 0, 13, 55, 50, 44, 39, 40, 41, 40, 37, 6, 0, 0]",1
"[ 0, 0, 0, 0, 0, 0, 0, 0, 22, 23, 26, 0, 0, 0, 0, 0, 0, 0, 0, 19, 20, 18, 19, 20, 20, 25, 31, 33, 0, 0, 0, 0, 0, 24, 23, 21, 19, 20, 24, 25, 30, 40, 45, 41, 0, 0, 0, 27, 32, 30, 22, 20, 20, 25, 28, 36, 58, 74, 64, 42, 0, 32, 38, 45, 42, 31, 24, 22, 25, 31, 49, 76, 89, 79, 0, 33, 34, 39, 47, 47, 42, 32, 27, 31, 44, 68, 85, 78, 0, 0, 0, 0, 0, 40, 43, 44, 45, 41, 49, 60, 69, 0, 0, 0, 0]","[ 0, 0, 0, 0, 6, 20, 18, 18, 8, 0, 0, 0, 0, 0, 0, 0, 0, 4, 24, 20, 19, 18, 20, 20, 20, 21, 5, 0, 0, 0, 1, 38, 37, 31, 23, 21, 20, 21, 23, 27, 29, 28, 5, 0, 0, 51, 56, 57, 49, 32, 23, 21, 24, 31, 39, 41, 36, 30, 3, 0, 2, 67, 67, 61, 46, 32, 28, 33, 41, 47, 44, 37, 32, 27, 1, 0, 0, 10, 61, 56, 47, 41, 39, 42, 43, 40, 37, 33, 31, 30, 0, 0, 0, 0, 15, 48, 43, 41, 40, 39, 37, 36, 6, 0, 0]",1
"[ 0, 0, 0, 0, 0, 0, 0, 19, 20, 24, 0, 0, 0, 0, 0, 0, 0, 0, 0, 20, 19, 19, 22, 22, 23, 24, 29, 0, 0, 0, 0, 0, 0, 24, 22, 21, 20, 23, 24, 27, 32, 39, 38, 39, 0, 0, 0, 33, 32, 26, 21, 19, 20, 26, 34, 48, 72, 65, 45, 36, 0, 33, 41, 42, 34, 25, 23, 25, 29, 42, 62, 86, 79, 53, 0, 32, 35, 42, 46, 45, 37, 30, 30, 36, 56, 74, 78, 69, 0, 0, 0, 0, 0, 41, 44, 45, 47, 49, 56, 64, 64, 0, 0, 0, 0]","[ 0, 0, 0, 0, 6, 21, 20, 20, 9, 0, 0, 0, 0, 0, 0, 0, 0, 4, 25, 21, 20, 19, 20, 20, 21, 21, 5, 0, 0, 0, 2, 52, 45, 30, 23, 20, 19, 22, 26, 30, 28, 24, 4, 0, 0, 61, 70, 64, 41, 27, 20, 20, 26, 35, 39, 35, 29, 25, 2, 0, 0, 7, 66, 57, 38, 29, 28, 38, 46, 47, 40, 33, 28, 26, 1, 0, 0, 0, 12, 49, 46, 43, 43, 46, 45, 38, 34, 31, 29, 29, 0, 0, 0, 0, 0, 0, 0, 19, 39, 39, 37, 35, 6, 0, 0]",1
"[ 0, 0, 0, 0, 15, 21, 22, 11, 0, 0, 0, 0, 0, 0, 0, 0, 0, 0, 13, 20, 20, 20, 18, 16, 17, 20, 16, 0, 0, 0, 0, 0, 13, 22, 22, 21, 21, 20, 20, 22, 26, 28, 24, 19, 0, 0, 12, 24, 29, 26, 24, 22, 20, 21, 25, 31, 41, 53, 44, 19, 10, 27, 32, 37, 35, 29, 23, 21, 22, 28, 38, 55, 74, 64, 24, 23, 26, 30, 42, 43, 35, 28, 25, 26, 33, 47, 63, 66, 58, 0, 0, 0, 0, 35, 47, 43, 36, 32, 33, 43, 60, 56, 0, 0, 0]","[ 0, 0, 0, 0, 0, 25, 23, 24, 0, 0, 0, 0, 0, 0, 0, 0, 0, 0, 23, 21, 22, 19, 21, 21, 23, 22, 0, 0, 0, 0, 0, 41, 36, 22, 22, 21, 19, 23, 23, 24, 26, 25, 0, 0, 0, 52, 62, 57, 35, 24, 21, 20, 25, 30, 34, 36, 29, 23, 0, 0, 0, 0, 72, 52, 31, 29, 25, 27, 43, 51, 49, 37, 28, 26, 0, 0, 0, 0, 0, 50, 43, 37, 41, 49, 51, 46, 36, 31, 26, 25, 0, 0, 0, 0, 0, 0, 0, 45, 45, 42, 38, 33, 0, 0, 0]",1
"[ 0, 0, 0, 0, 12, 19, 18, 9, 0, 0, 0, 0, 0, 0, 0, 0, 0, 0, 11, 16, 17, 18, 17, 18, 18, 20, 17, 0, 0, 0, 0, 0, 13, 20, 18, 18, 19, 21, 24, 26, 30, 33, 24, 19, 0, 0, 13, 26, 29, 23, 20, 20, 21, 24, 29, 39, 53, 53, 38, 17, 10, 27, 34, 38, 28, 23, 21, 21, 23, 31, 50, 72, 75, 51, 21, 21, 24, 30, 40, 34, 28, 25, 24, 25, 37, 62, 78, 68, 47, 0, 0, 0, 0, 31, 40, 36, 33, 33, 39, 52, 73, 61, 0, 0, 0]","[ 0, 0, 0, 23, 20, 17, 19, 20, 18, 16, 17, 0, 0, 0, 0, 24, 25, 27, 26, 19, 18, 19, 22, 20, 18, 19, 14, 0, 0, 0, 11, 45, 47, 31, 20, 19, 19, 25, 25, 25, 27, 20, 13, 0, 0, 0, 27, 27, 43, 24, 22, 22, 26, 31, 41, 42, 27, 22, 0, 0, 0, 0, 0, 34, 33, 26, 27, 29, 42, 55, 51, 34, 24, 9, 0, 0, 0, 0, 0, 35, 25, 27, 40, 54, 57, 46, 36, 28, 25, 6, 0, 0, 0, 0, 0, 0, 0, 44, 46, 42, 37, 36, 31, 27, 27]",1
"[ 0, 0, 0, 0, 19, 19, 19, 19, 21, 23, 27, 30, 0, 0, 0, 0, 0, 0, 21, 20, 20, 20, 20, 21, 25, 31, 38, 38, 30, 0, 0, 0, 24, 38, 25, 18, 19, 19, 21, 27, 35, 54, 69, 54, 21, 0, 18, 41, 48, 35, 20, 19, 19, 21, 28, 41, 67, 84, 69, 16, 11, 36, 44, 50, 45, 27, 21, 21, 22, 32, 53, 75, 83, 48, 0, 25, 29, 34, 45, 48, 38, 30, 30, 31, 46, 67, 63, 60, 0, 0, 0, 0, 0, 39, 41, 44, 44, 45, 48, 64, 68, 0, 0, 0, 0]","[ 0, 0, 0, 5, 22, 21, 20, 20, 20, 22, 7, 0, 0, 0, 0, 0, 4, 39, 30, 22, 20, 20, 21, 23, 27, 28, 7, 0, 0, 0, 36, 40, 59, 43, 26, 21, 19, 22, 25, 34, 42, 29, 17, 2, 0, 29, 64, 69, 54, 33, 23, 20, 21, 25, 41, 49, 42, 31, 16, 0, 1, 44, 51, 62, 43, 29, 25, 25, 30, 46, 50, 42, 35, 29, 12, 0, 0, 8, 51, 50, 40, 33, 35, 42, 47, 43, 38, 28, 25, 24, 0, 0, 0, 12, 51, 44, 39, 40, 44, 43, 38, 35, 6, 0, 0]",1
"[ 0, 0, 0, 0, 0, 27, 28, 27, 27, 27, 30, 0, 0, 0, 0, 0, 0, 0, 0, 20, 24, 24, 23, 24, 25, 30, 32, 31, 0, 0, 0, 0, 21, 26, 32, 23, 21, 21, 22, 25, 35, 54, 56, 31, 0, 0, 16, 36, 45, 42, 28, 19, 18, 21, 26, 45, 66, 67, 48, 18, 11, 32, 38, 46, 46, 32, 20, 19, 21, 31, 55, 65, 61, 47, 23, 24, 25, 30, 39, 40, 35, 27, 25, 28, 42, 57, 53, 39, 36, 0, 0, 0, 0, 32, 32, 34, 33, 31, 37, 46, 44, 43, 0, 0, 0]","[ 0, 0, 0, 0, 22, 19, 21, 25, 24, 26, 0, 0, 0, 0, 0, 0, 0, 15, 11, 20, 18, 20, 24, 25, 28, 17, 15, 0, 0, 0, 13, 12, 28, 20, 18, 16, 19, 23, 27, 31, 32, 28, 7, 8, 0, 44, 43, 33, 22, 17, 15, 15, 23, 29, 34, 37, 33, 25, 27, 0, 13, 12, 41, 28, 20, 17, 19, 27, 33, 35, 36, 34, 28, 30, 24, 0, 0, 26, 17, 25, 23, 25, 29, 34, 35, 35, 35, 17, 18, 19, 0, 0, 0, 0, 31, 29, 31, 31, 35, 36, 36, 37, 0, 0, 0]",2
"[ 0, 0, 0, 0, 0, 20, 19, 20, 0, 0, 0, 0, 0, 0, 0, 0, 0, 0, 0, 16, 17, 17, 18, 14, 17, 19, 20, 0, 0, 0, 0, 0, 20, 25, 27, 15, 16, 16, 18, 23, 27, 38, 30, 23, 0, 0, 15, 34, 43, 36, 19, 16, 16, 18, 26, 31, 52, 57, 41, 16, 10, 30, 37, 45, 42, 27, 18, 17, 19, 29, 39, 62, 66, 47, 20, 22, 23, 28, 42, 43, 36, 25, 22, 25, 36, 53, 67, 51, 38, 0, 0, 0, 0, 38, 40, 39, 34, 35, 39, 52, 61, 59, 0, 0, 0]","[ 0, 0, 0, 0, 22, 18, 18, 19, 17, 17, 18, 0, 0, 0, 0, 0, 0, 22, 16, 19, 15, 17, 19, 18, 18, 20, 16, 0, 0, 0, 28, 31, 37, 21, 18, 16, 18, 18, 20, 25, 28, 24, 14, 0, 0, 22, 24, 51, 35, 23, 18, 20, 18, 26, 34, 36, 30, 23, 11, 0, 0, 0, 37, 30, 33, 22, 23, 22, 31, 39, 38, 31, 26, 23, 9, 0, 0, 0, 0, 32, 24, 21, 30, 36, 38, 33, 29, 22, 20, 20, 0, 0, 0, 0, 0, 0, 0, 35, 36, 36, 32, 31, 0, 0, 0]",2
"[ 0, 0, 0, 0, 0, 14, 23, 23, 23, 26, 20, 0, 0, 0, 0, 0, 0, 0, 20, 21, 20, 21, 22, 24, 26, 26, 25, 24, 0, 0, 0, 16, 23, 39, 34, 23, 19, 20, 22, 26, 30, 38, 47, 30, 0, 16, 28, 36, 46, 41, 29, 19, 18, 21, 26, 34, 47, 64, 55, 20, 20, 19, 35, 42, 42, 33, 24, 20, 23, 29, 40, 55, 68, 58, 26, 0, 0, 26, 29, 34, 34, 29, 27, 29, 35, 45, 55, 49, 36, 0, 0, 0, 0, 0, 25, 35, 34, 33, 34, 37, 44, 38, 0, 0, 0]","[ 0, 0, 0, 0, 17, 24, 24, 12, 0, 0, 0, 0, 0, 0, 0, 0, 0, 16, 19, 20, 21, 21, 19, 18, 20, 15, 0, 0, 0, 0, 32, 34, 31, 24, 21, 19, 19, 21, 26, 31, 29, 20, 15, 0, 0, 25, 54, 42, 28, 24, 22, 21, 24, 31, 38, 38, 32, 26, 13, 0, 0, 35, 30, 31, 30, 27, 27, 29, 35, 41, 40, 33, 30, 27, 12, 0, 0, 0, 24, 34, 35, 35, 34, 36, 40, 39, 33, 25, 25, 26, 0, 0, 0, 0, 29, 41, 39, 37, 37, 39, 40, 30, 0, 0, 0]",2
"[ 0, 0, 0, 0, 0, 20, 20, 21, 23, 27, 27, 0, 0, 0, 0, 0, 0, 0, 17, 15, 20, 20, 21, 23, 27, 30, 24, 24, 0, 0, 0, 8, 10, 34, 29, 21, 20, 21, 23, 29, 34, 48, 50, 11, 0, 0, 28, 35, 43, 36, 24, 21, 20, 21, 30, 38, 63, 71, 40, 0, 21, 31, 37, 43, 44, 34, 26, 21, 24, 35, 51, 76, 79, 53, 28, 17, 19, 22, 41, 46, 39, 30, 25, 30, 42, 59, 75, 74, 33, 22, 0, 0, 0, 38, 44, 41, 34, 31, 37, 50, 63, 68, 64, 0, 0]","[ 0, 0, 0, 0, 0, 24, 24, 23, 0, 0, 0, 0, 0, 0, 0, 0, 0, 0, 14, 17, 20, 19, 22, 18, 19, 20, 0, 0, 0, 0, 0, 26, 21, 21, 24, 20, 18, 22, 23, 28, 32, 19, 16, 0, 0, 27, 50, 45, 30, 27, 22, 21, 23, 30, 40, 42, 33, 28, 14, 0, 35, 39, 59, 41, 31, 26, 25, 27, 39, 50, 45, 35, 31, 28, 10, 0, 0, 50, 39, 37, 32, 30, 33, 45, 48, 41, 34, 25, 23, 22, 0, 0, 0, 0, 42, 38, 35, 35, 40, 39, 38, 37, 0, 0, 0]",2
"[ 0, 0, 0, 0, 13, 18, 18, 19, 20, 22, 16, 0, 0, 0, 0, 0, 0, 0, 13, 18, 18, 18, 19, 19, 21, 21, 22, 22, 0, 0, 0, 13, 17, 25, 24, 20, 19, 19, 20, 22, 28, 36, 38, 22, 0, 15, 25, 29, 36, 32, 23, 20, 21, 23, 27, 36, 54, 60, 47, 18, 19, 19, 31, 43, 41, 30, 24, 23, 27, 34, 49, 72, 77, 60, 23, 0, 0, 24, 35, 44, 40, 32, 30, 33, 44, 61, 74, 63, 47, 0, 0, 0, 0, 0, 27, 39, 41, 44, 51, 59, 66, 54, 0, 0, 0]","[ 0, 0, 0, 0, 28, 24, 23, 23, 0, 0, 0, 0, 0, 0, 0, 0, 16, 14, 22, 21, 23, 23, 17, 16, 16, 0, 0, 0, 0, 22, 21, 21, 21, 19, 20, 23, 24, 25, 23, 22, 14, 0, 0, 0, 17, 45, 32, 27, 19, 20, 23, 27, 35, 34, 29, 25, 12, 0, 0, 0, 37, 48, 35, 22, 22, 23, 32, 47, 47, 36, 28, 24, 9, 0, 0, 0, 47, 47, 33, 30, 28, 40, 54, 52, 40, 30, 26, 26, 6, 0, 0, 0, 53, 50, 46, 42, 46, 50, 44, 38, 32, 28, 28, 27]",2
"[ 0, 0, 0, 0, 17, 24, 26, 27, 15, 0, 0, 0, 0, 0, 0, 0, 0, 19, 23, 23, 22, 23, 24, 20, 17, 12, 0, 0, 0, 0, 18, 19, 30, 33, 29, 24, 21, 21, 20, 22, 21, 19, 18, 0, 0, 14, 14, 32, 36, 33, 26, 22, 20, 21, 24, 32, 40, 39, 18, 0, 0, 0, 19, 23, 31, 30, 26, 24, 24, 30, 44, 58, 55, 39, 14, 0, 0, 0, 0, 20, 28, 25, 27, 32, 41, 57, 68, 60, 36, 31, 0, 0, 0, 0, 0, 0, 0, 20, 43, 52, 60, 59, 43, 0, 0]","[ 0, 0, 0, 0, 16, 25, 28, 14, 0, 0, 0, 0, 0, 0, 0, 0, 20, 20, 22, 24, 25, 22, 20, 21, 16, 0, 0, 0, 0, 42, 43, 38, 27, 23, 23, 24, 25, 28, 30, 28, 14, 0, 0, 0, 33, 63, 51, 34, 24, 22, 25, 30, 37, 41, 37, 26, 10, 0, 0, 0, 39, 37, 39, 30, 26, 28, 36, 46, 50, 42, 31, 23, 8, 0, 0, 0, 0, 30, 30, 24, 31, 41, 47, 48, 42, 34, 29, 25, 7, 0, 0, 0, 0, 0, 0, 23, 41, 41, 40, 38, 36, 33, 30, 32]",2
"[ 0, 0, 0, 0, 0, 14, 21, 21, 12, 0, 0, 0, 0, 0, 0, 0, 0, 0, 17, 20, 19, 20, 21, 20, 18, 19, 16, 0, 0, 0, 0, 16, 20, 31, 31, 24, 20, 20, 21, 24, 29, 34, 30, 23, 0, 16, 28, 33, 37, 35, 27, 21, 20, 21, 26, 37, 51, 59, 47, 19, 21, 20, 22, 34, 36, 31, 25, 23, 26, 34, 48, 63, 69, 56, 24, 0, 0, 0, 21, 28, 27, 24, 28, 35, 45, 59, 62, 52, 40, 0, 0, 0, 0, 0, 0, 0, 0, 21, 44, 51, 57, 44, 0, 0, 0]","[ 0, 0, 0, 0, 17, 26, 28, 14, 0, 0, 0, 0, 0, 0, 0, 0, 0, 18, 20, 21, 24, 25, 23, 22, 23, 16, 0, 0, 0, 0, 37, 32, 31, 26, 23, 24, 25, 30, 34, 34, 28, 18, 14, 0, 0, 29, 51, 40, 30, 25, 25, 29, 38, 43, 41, 35, 31, 26, 12, 0, 0, 34, 28, 31, 30, 30, 35, 43, 47, 43, 36, 34, 31, 26, 10, 0, 0, 0, 23, 29, 28, 36, 43, 43, 40, 34, 33, 25, 22, 23, 0, 0, 0, 0, 0, 0, 23, 39, 38, 37, 36, 28, 0, 0, 0]",2
"[ 0, 0, 0, 6, 22, 22, 21, 21, 23, 25, 27, 8, 0, 0, 0, 0, 0, 9, 20, 23, 20, 20, 21, 22, 25, 27, 21, 9, 0, 0, 0, 7, 23, 33, 27, 20, 20, 20, 21, 25, 30, 37, 29, 13, 0, 0, 24, 39, 41, 34, 22, 20, 20, 20, 25, 37, 51, 61, 46, 0, 21, 28, 35, 38, 36, 28, 23, 22, 23, 28, 46, 63, 70, 59, 34, 17, 17, 19, 26, 36, 32, 27, 26, 28, 33, 48, 61, 53, 37, 27, 0, 0, 0, 11, 36, 34, 31, 31, 34, 39, 47, 51, 26, 0, 0]","[ 0, 0, 0, 0, 16, 22, 21, 10, 0, 0, 0, 0, 0, 0, 0, 0, 12, 11, 17, 20, 19, 15, 12, 15, 12, 0, 0, 0, 0, 15, 17, 30, 22, 19, 19, 18, 18, 24, 31, 26, 8, 6, 0, 0, 53, 59, 50, 31, 20, 19, 18, 19, 30, 43, 40, 27, 21, 0, 0, 15, 17, 52, 43, 26, 21, 24, 30, 41, 49, 43, 30, 26, 17, 0, 0, 0, 30, 27, 27, 29, 32, 38, 44, 45, 40, 33, 30, 26, 12, 0, 0, 0, 0, 27, 37, 40, 43, 41, 37, 36, 34, 32, 31, 29]",2
"[ 0, 0, 0, 0, 16, 22, 20, 20, 23, 24, 17, 0, 0, 0, 0, 0, 0, 0, 16, 23, 23, 20, 20, 23, 25, 26, 23, 22, 0, 0, 0, 8, 11, 32, 31, 23, 20, 20, 22, 27, 34, 46, 48, 15, 0, 0, 27, 38, 43, 37, 25, 19, 19, 21, 27, 42, 62, 72, 53, 0, 21, 29, 36, 40, 38, 28, 21, 20, 25, 34, 51, 70, 73, 56, 28, 17, 17, 20, 35, 37, 32, 27, 27, 33, 42, 55, 67, 62, 33, 22, 0, 0, 0, 29, 36, 34, 33, 36, 41, 48, 55, 58, 46, 0, 0]","[ 0, 0, 0, 0, 20, 18, 18, 19, 26, 28, 29, 0, 0, 0, 0, 0, 0, 19, 11, 19, 17, 18, 19, 24, 30, 33, 17, 0, 0, 0, 14, 17, 40, 22, 19, 17, 19, 19, 23, 34, 41, 32, 8, 0, 0, 50, 59, 54, 29, 21, 19, 18, 19, 25, 42, 51, 39, 27, 0, 0, 14, 17, 59, 38, 24, 21, 20, 23, 32, 46, 50, 39, 29, 19, 0, 0, 0, 35, 23, 33, 28, 25, 28, 36, 44, 44, 37, 31, 28, 12, 0, 0, 0, 0, 43, 35, 30, 32, 39, 39, 37, 34, 33, 31, 29]",2
"[ 0, 0, 0, 0, 0, 17, 17, 17, 5, 0, 0, 0, 0, 0, 0, 0, 0, 0, 13, 18, 14, 13, 11, 12, 17, 21, 18, 0, 0, 0, 0, 0, 12, 24, 20, 16, 12, 10, 11, 16, 19, 23, 35, 11, 0, 2, 20, 25, 33, 32, 26, 12, 13, 14, 17, 23, 33, 52, 59, 46, 22, 23, 27, 36, 36, 30, 19, 19, 17, 20, 30, 47, 59, 56, 5, 0, 8, 28, 31, 33, 31, 27, 25, 23, 28, 42, 52, 50, 15, 0, 0, 0, 0, 0, 26, 29, 29, 28, 30, 36, 44, 29, 0, 0, 0]","[ 0, 0, 0, 0, 4, 21, 20, 17, 0, 0, 0, 0, 0, 0, 0, 0, 0, 17, 17, 16, 16, 16, 16, 18, 18, 0, 0, 0, 0, 0, 10, 20, 15, 13, 14, 15, 16, 16, 19, 23, 16, 0, 0, 0, 34, 39, 29, 19, 13, 14, 13, 12, 17, 27, 33, 24, 20, 7, 0, 0, 18, 41, 25, 15, 13, 14, 15, 25, 36, 35, 26, 22, 18, 2, 0, 0, 0, 29, 23, 19, 17, 26, 36, 35, 28, 22, 22, 21, 22, 0, 0, 0, 0, 6, 28, 25, 31, 32, 29, 28, 26, 17, 0, 0]",2
"[ 0, 0, 0, 0, 0, 15, 15, 16, 19, 22, 23, 0, 0, 0, 0, 0, 0, 0, 17, 16, 16, 16, 17, 17, 21, 22, 19, 24, 0, 0, 0, 15, 15, 26, 25, 20, 18, 17, 18, 22, 25, 32, 39, 23, 0, 13, 24, 26, 30, 29, 23, 19, 18, 20, 25, 31, 46, 56, 43, 16, 17, 16, 17, 30, 29, 27, 22, 20, 21, 27, 40, 60, 67, 49, 21, 0, 0, 0, 24, 24, 24, 20, 19, 27, 32, 52, 65, 53, 38, 0, 0, 0, 0, 0, 0, 0, 0, 0, 0, 37, 44, 54, 54, 0, 0, 0]","[ 0, 0, 0, 0, 15, 15, 17, 18, 19, 20, 0, 0, 0, 0, 0, 0, 0, 15, 12, 15, 16, 17, 19, 20, 22, 17, 0, 0, 0, 0, 23, 24, 25, 19, 16, 16, 17, 19, 24, 30, 29, 17, 14, 0, 0, 18, 19, 35, 24, 17, 17, 17, 22, 34, 41, 37, 28, 22, 10, 0, 0, 0, 26, 17, 20, 20, 20, 27, 41, 44, 37, 29, 22, 21, 8, 0, 0, 0, 0, 19, 20, 20, 34, 39, 36, 32, 28, 18, 17, 17, 0, 0, 0, 0, 0, 0, 0, 33, 33, 30, 29, 28, 0, 0, 0]",2
"[ 0, 0, 0, 0, 6, 17, 19, 22, 3, 0, 0, 0, 0, 0, 0, 0, 0, 0, 8, 16, 17, 18, 20, 17, 19, 20, 10, 0, 0, 0, 0, 13, 18, 21, 21, 17, 18, 19, 20, 24, 26, 26, 17, 0, 0, 13, 24, 29, 31, 27, 20, 19, 19, 20, 24, 30, 41, 43, 24, 0, 17, 18, 21, 29, 33, 26, 22, 21, 21, 26, 38, 55, 65, 51, 15, 0, 0, 0, 16, 29, 25, 20, 17, 24, 33, 50, 65, 65, 47, 32, 0, 0, 0, 0, 0, 0, 0, 0, 29, 44, 55, 58, 37, 0, 0]","[ 0, 0, 0, 0, 13, 19, 20, 10, 0, 0, 0, 0, 0, 0, 0, 0, 16, 17, 16, 18, 18, 16, 15, 17, 14, 0, 0, 0, 0, 28, 32, 31, 25, 19, 17, 17, 18, 22, 29, 28, 18, 12, 0, 0, 22, 25, 36, 29, 21, 17, 17, 21, 29, 38, 37, 30, 22, 11, 0, 0, 0, 23, 20, 23, 21, 21, 26, 37, 44, 40, 32, 27, 23, 9, 0, 0, 0, 0, 18, 22, 21, 31, 41, 43, 38, 33, 28, 20, 20, 0, 0, 0, 0, 0, 0, 0, 19, 37, 34, 34, 33, 27, 0, 0]",2
"[ 0, 0, 0, 0, 8, 20, 19, 22, 25, 27, 25, 12, 0, 0, 0, 0, 0, 11, 16, 18, 20, 19, 22, 24, 26, 27, 25, 14, 0, 0, 7, 8, 23, 30, 27, 21, 18, 21, 23, 27, 32, 39, 35, 14, 0, 26, 29, 31, 33, 32, 25, 18, 19, 23, 30, 38, 51, 61, 49, 0, 7, 8, 9, 23, 33, 29, 25, 23, 26, 35, 47, 60, 64, 52, 28, 0, 0, 0, 11, 19, 18, 16, 14, 31, 40, 50, 58, 53, 31, 22, 0, 0, 0, 0, 0, 0, 0, 0, 35, 45, 48, 51, 35, 0, 0]","[ 0, 0, 0, 0, 9, 23, 25, 26, 3, 0, 0, 0, 0, 0, 0, 0, 0, 6, 10, 13, 20, 22, 22, 13, 13, 14, 7, 0, 0, 0, 12, 11, 17, 19, 18, 18, 19, 20, 22, 27, 28, 18, 5, 0, 0, 43, 37, 31, 25, 20, 18, 17, 20, 27, 35, 39, 33, 17, 0, 0, 12, 11, 26, 29, 22, 19, 19, 21, 31, 44, 46, 37, 25, 15, 0, 0, 0, 14, 17, 18, 23, 22, 25, 36, 47, 47, 37, 28, 23, 11, 0, 0, 0, 0, 11, 27, 26, 30, 39, 46, 43, 34, 28, 26, 26]",2
"[ 0, 0, 0, 0, 0, 11, 18, 18, 11, 0, 0, 0, 0, 0, 0, 0, 0, 0, 11, 14, 16, 17, 17, 16, 16, 12, 0, 0, 0, 0, 0, 12, 15, 21, 20, 18, 16, 16, 18, 21, 20, 17, 15, 0, 0, 11, 22, 27, 29, 24, 19, 16, 16, 19, 22, 25, 31, 31, 15, 0, 14, 16, 28, 32, 27, 21, 18, 18, 20, 24, 31, 41, 43, 33, 8, 0, 0, 19, 25, 27, 25, 23, 22, 23, 29, 39, 50, 49, 31, 18, 0, 0, 0, 0, 20, 27, 27, 28, 33, 39, 45, 50, 41, 0, 0]","[ 0, 0, 0, 0, 24, 21, 20, 22, 0, 0, 0, 0, 0, 0, 0, 0, 22, 23, 21, 18, 18, 18, 13, 15, 16, 0, 0, 0, 0, 17, 19, 33, 36, 24, 18, 16, 16, 18, 20, 25, 20, 15, 0, 0, 13, 15, 38, 43, 31, 22, 18, 15, 18, 26, 36, 37, 28, 13, 0, 0, 0, 26, 29, 36, 27, 22, 17, 21, 34, 44, 41, 31, 25, 9, 0, 0, 0, 0, 30, 25, 23, 24, 27, 40, 40, 38, 24, 20, 19, 0, 0, 0, 0, 0, 0, 0, 31, 33, 35, 35, 33, 0, 0, 0]",2
"[ 0, 0, 0, 7, 23, 22, 21, 10, 0, 0, 0, 0, 0, 0, 0, 0, 0, 7, 17, 22, 21, 20, 16, 13, 14, 16, 5, 0, 0, 0, 0, 6, 18, 26, 22, 21, 20, 20, 23, 26, 28, 18, 13, 9, 0, 0, 21, 31, 29, 23, 22, 21, 21, 23, 27, 30, 42, 46, 32, 0, 23, 29, 32, 31, 27, 24, 22, 22, 24, 30, 40, 53, 55, 46, 31, 18, 19, 26, 32, 30, 26, 24, 25, 30, 39, 52, 60, 47, 29, 25, 0, 0, 16, 33, 32, 28, 26, 28, 36, 50, 63, 65, 32, 0, 0]","[ 0, 0, 0, 0, 3, 25, 27, 26, 19, 0, 0, 0, 0, 0, 0, 0, 0, 7, 14, 14, 25, 26, 26, 24, 16, 16, 5, 0, 0, 0, 15, 13, 19, 26, 25, 26, 26, 27, 30, 32, 30, 14, 4, 0, 0, 51, 44, 36, 30, 29, 26, 27, 31, 35, 40, 37, 30, 14, 0, 0, 15, 40, 43, 33, 27, 27, 29, 35, 42, 45, 41, 35, 27, 15, 0, 0, 22, 26, 24, 31, 30, 32, 39, 45, 46, 42, 37, 33, 25, 12, 0, 0, 0, 11, 36, 34, 36, 41, 45, 44, 39, 36, 33, 30, 29]",2
"[ 0, 0, 0, 2, 23, 29, 29, 30, 32, 35, 29, 2, 0, 0, 0, 0, 8, 13, 13, 25, 28, 28, 29, 31, 34, 33, 18, 18, 12, 0, 0, 21, 34, 32, 29, 28, 27, 28, 30, 34, 38, 43, 48, 30, 0, 20, 31, 39, 38, 33, 30, 27, 27, 30, 35, 43, 54, 59, 47, 28, 36, 37, 39, 41, 38, 32, 28, 25, 30, 36, 46, 61, 62, 58, 52, 14, 14, 24, 41, 39, 35, 31, 28, 32, 39, 48, 59, 36, 22, 20, 0, 0, 14, 42, 40, 37, 33, 30, 33, 40, 48, 58, 19, 0, 0]","[ 0, 0, 0, 0, 11, 28, 30, 30, 32, 37, 37, 19, 0, 0, 0, 0, 0, 8, 11, 17, 28, 30, 31, 35, 41, 41, 27, 13, 10, 0, 0, 0, 21, 29, 27, 28, 29, 32, 40, 48, 47, 39, 33, 27, 0, 33, 33, 39, 37, 32, 30, 31, 35, 43, 50, 49, 43, 38, 34, 20, 61, 62, 51, 41, 36, 32, 33, 37, 46, 51, 50, 45, 39, 36, 36, 24, 24, 20, 31, 42, 38, 38, 42, 48, 50, 48, 45, 33, 14, 14, 0, 0, 0, 25, 46, 42, 41, 45, 49, 49, 48, 45, 29, 0, 0]",2
"[ 0, 0, 0, 0, 0, 16, 24, 24, 14, 0, 0, 0, 0, 0, 0, 0, 0, 0, 18, 22, 22, 23, 23, 21, 20, 15, 0, 0, 0, 0, 0, 19, 23, 32, 31, 27, 24, 22, 23, 26, 28, 26, 24, 0, 0, 18, 33, 37, 37, 34, 29, 25, 24, 24, 29, 40, 50, 49, 22, 0, 23, 23, 24, 35, 36, 31, 28, 26, 27, 34, 49, 61, 59, 46, 16, 0, 0, 0, 23, 29, 26, 24, 26, 31, 40, 52, 59, 53, 38, 35, 0, 0, 0, 0, 0, 0, 0, 17, 37, 41, 44, 46, 39, 0, 0]","[ 0, 0, 0, 0, 17, 26, 26, 13, 0, 0, 0, 0, 0, 0, 0, 0, 12, 15, 20, 21, 22, 21, 21, 24, 18, 0, 0, 0, 0, 27, 26, 24, 20, 20, 20, 21, 23, 29, 33, 30, 21, 17, 0, 0, 21, 20, 31, 28, 24, 22, 22, 25, 32, 38, 38, 35, 31, 14, 0, 0, 0, 21, 22, 26, 26, 25, 28, 35, 41, 40, 37, 35, 31, 13, 0, 0, 0, 0, 17, 23, 22, 29, 36, 39, 38, 36, 35, 28, 29, 0, 0, 0, 0, 0, 0, 0, 20, 40, 39, 38, 38, 31, 0, 0]",2
"[ 0, 0, 0, 0, 6, 16, 18, 18, 19, 22, 26, 15, 0, 0, 0, 0, 13, 17, 16, 17, 17, 17, 18, 21, 24, 21, 11, 0, 0, 7, 7, 24, 30, 24, 18, 15, 15, 17, 20, 24, 31, 29, 12, 0, 24, 26, 31, 31, 26, 18, 14, 14, 17, 21, 27, 42, 53, 42, 0, 7, 7, 22, 29, 27, 23, 19, 18, 19, 23, 33, 47, 54, 44, 27, 0, 0, 10, 16, 20, 26, 24, 22, 22, 26, 36, 47, 44, 26, 22, 0, 0, 0, 0, 11, 28, 27, 25, 26, 29, 37, 43, 29, 0, 0]","[ 0, 0, 0, 0, 16, 24, 24, 12, 0, 0, 0, 0, 0, 0, 0, 0, 11, 11, 18, 21, 21, 16, 12, 15, 17, 13, 0, 0, 0, 12, 11, 22, 21, 20, 19, 19, 18, 21, 28, 32, 25, 8, 7, 0, 42, 39, 29, 23, 21, 20, 18, 18, 24, 35, 40, 34, 28, 25, 0, 12, 11, 30, 27, 24, 22, 20, 22, 29, 37, 39, 35, 29, 27, 22, 0, 0, 17, 16, 24, 26, 24, 27, 32, 35, 35, 31, 17, 16, 18, 0, 0, 0, 0, 23, 31, 29, 31, 34, 32, 31, 25, 0, 0, 0]",2
"[ 0, 0, 0, 0, 0, 10, 17, 20, 12, 0, 0, 0, 0, 0, 0, 0, 0, 0, 16, 16, 15, 15, 16, 17, 15, 18, 18, 0, 0, 0, 0, 17, 22, 31, 26, 20, 16, 15, 18, 21, 25, 31, 27, 20, 0, 16, 29, 35, 38, 33, 25, 18, 17, 20, 25, 32, 44, 52, 41, 17, 20, 20, 23, 36, 37, 30, 23, 21, 25, 32, 43, 56, 60, 49, 22, 0, 0, 0, 23, 29, 28, 24, 25, 33, 42, 52, 56, 46, 37, 0, 0, 0, 0, 0, 0, 0, 0, 18, 41, 46, 46, 35, 0, 0, 0]","[ 0, 0, 0, 0, 17, 26, 28, 15, 0, 0, 0, 0, 0, 0, 0, 0, 18, 19, 21, 21, 23, 21, 18, 21, 16, 0, 0, 0, 0, 26, 25, 29, 26, 22, 19, 19, 21, 25, 31, 31, 19, 14, 0, 0, 20, 19, 38, 33, 24, 20, 19, 22, 30, 40, 40, 33, 26, 12, 0, 0, 0, 28, 25, 26, 24, 23, 27, 37, 46, 43, 38, 32, 26, 10, 0, 0, 0, 0, 19, 23, 21, 28, 40, 45, 41, 36, 26, 24, 22, 0, 0, 0, 0, 0, 0, 0, 18, 38, 39, 38, 28, 0, 0, 0]",2
"[ 0, 0, 0, 0, 13, 19, 19, 21, 23, 25, 27, 23, 0, 0, 0, 0, 20, 22, 21, 20, 18, 19, 21, 23, 25, 26, 19, 0, 0, 19, 20, 33, 33, 27, 22, 18, 17, 20, 24, 28, 34, 36, 23, 0, 15, 16, 34, 38, 33, 26, 19, 18, 20, 25, 33, 46, 53, 43, 18, 0, 0, 20, 25, 32, 29, 23, 21, 23, 30, 43, 61, 64, 51, 23, 0, 0, 0, 0, 19, 25, 21, 20, 25, 38, 55, 66, 53, 41, 0, 0, 0, 0, 0, 0, 0, 0, 0, 17, 44, 51, 41, 0, 0, 0]","[ 0, 0, 0, 0, 19, 19, 21, 25, 0, 0, 0, 0, 0, 0, 0, 0, 22, 16, 19, 19, 21, 22, 17, 20, 22, 0, 0, 0, 0, 29, 36, 41, 25, 19, 20, 21, 22, 26, 35, 36, 21, 17, 0, 0, 23, 28, 53, 36, 21, 20, 21, 26, 33, 46, 46, 37, 30, 13, 0, 0, 0, 37, 28, 27, 23, 25, 31, 41, 51, 48, 39, 32, 26, 9, 0, 0, 0, 0, 27, 22, 24, 37, 45, 49, 42, 37, 26, 21, 20, 0, 0, 0, 0, 0, 0, 0, 39, 40, 40, 36, 32, 0, 0, 0]",2
"[ 0, 0, 0, 0, 7, 18, 17, 19, 20, 23, 24, 13, 0, 0, 0, 0, 0, 13, 19, 19, 19, 17, 18, 20, 24, 25, 22, 13, 0, 0, 8, 9, 26, 35, 30, 23, 18, 18, 21, 25, 28, 35, 34, 13, 0, 28, 31, 35, 38, 35, 28, 22, 19, 22, 26, 34, 51, 62, 46, 0, 8, 9, 10, 23, 33, 29, 25, 24, 25, 30, 38, 50, 55, 46, 29, 0, 0, 0, 10, 18, 17, 15, 15, 27, 32, 39, 46, 42, 26, 23, 0, 0, 0, 0, 0, 0, 0, 0, 27, 34, 39, 41, 28, 0, 0]","[ 0, 0, 0, 0, 18, 23, 23, 25, 25, 14, 0, 0, 0, 0, 0, 0, 0, 14, 16, 21, 21, 22, 24, 27, 25, 19, 13, 0, 0, 0, 11, 12, 28, 29, 23, 21, 21, 25, 30, 35, 35, 24, 7, 7, 0, 39, 41, 37, 30, 24, 24, 23, 25, 33, 40, 39, 30, 25, 25, 0, 11, 12, 36, 34, 28, 25, 25, 28, 34, 37, 35, 29, 27, 28, 21, 0, 0, 20, 21, 27, 29, 29, 32, 34, 35, 33, 26, 16, 17, 17, 0, 0, 0, 0, 24, 34, 34, 34, 34, 34, 32, 24, 0, 0, 0]",3
"[ 0, 0, 0, 0, 8, 20, 20, 20, 3, 0, 0, 0, 0, 0, 0, 0, 11, 16, 17, 19, 18, 18, 12, 12, 12, 7, 0, 0, 0, 7, 9, 23, 30, 25, 19, 17, 17, 19, 21, 24, 19, 13, 11, 0, 26, 30, 33, 33, 28, 20, 18, 18, 20, 23, 29, 38, 45, 37, 0, 7, 9, 24, 33, 30, 24, 21, 20, 19, 24, 34, 49, 59, 49, 22, 0, 0, 12, 19, 23, 27, 24, 23, 24, 29, 38, 49, 49, 31, 18, 0, 0, 0, 0, 12, 30, 27, 27, 29, 34, 40, 43, 29, 0, 0]","[ 0, 0, 0, 0, 19, 19, 19, 21, 23, 28, 31, 0, 0, 0, 0, 0, 0, 14, 6, 18, 19, 19, 21, 25, 34, 34, 11, 10, 0, 0, 0, 0, 36, 17, 16, 20, 21, 21, 28, 43, 40, 30, 26, 0, 0, 29, 28, 43, 23, 19, 21, 22, 23, 31, 43, 40, 33, 30, 15, 16, 54, 51, 44, 29, 23, 22, 22, 25, 33, 41, 39, 34, 29, 28, 29, 21, 20, 17, 37, 30, 26, 26, 31, 36, 38, 38, 35, 11, 11, 11, 0, 0, 0, 42, 34, 29, 29, 34, 37, 36, 37, 35, 0, 0, 0]",3
"[ 0, 0, 0, 0, 0, 23, 20, 17, 17, 24, 30, 0, 0, 0, 0, 0, 0, 0, 18, 18, 20, 18, 17, 17, 21, 25, 20, 24, 0, 0, 0, 15, 18, 31, 30, 22, 18, 16, 16, 20, 25, 28, 32, 21, 0, 12, 25, 29, 37, 36, 26, 20, 16, 17, 21, 28, 35, 46, 47, 19, 15, 17, 19, 34, 35, 28, 23, 18, 19, 23, 31, 44, 58, 57, 24, 0, 0, 0, 24, 24, 23, 20, 18, 24, 28, 34, 48, 46, 40, 0, 0, 0, 0, 0, 0, 0, 0, 0, 30, 31, 36, 41, 0, 0, 0]","[ 0, 0, 0, 10, 19, 20, 22, 25, 25, 26, 15, 0, 0, 0, 0, 0, 3, 14, 17, 20, 20, 20, 23, 26, 31, 27, 17, 5, 0, 0, 10, 15, 28, 26, 21, 20, 19, 22, 29, 36, 37, 31, 14, 8, 1, 36, 42, 38, 31, 23, 21, 19, 24, 33, 41, 40, 33, 28, 27, 2, 10, 18, 42, 34, 26, 24, 23, 27, 36, 40, 39, 34, 30, 29, 23, 0, 5, 25, 27, 30, 28, 27, 29, 36, 38, 38, 35, 23, 17, 18, 0, 0, 0, 17, 34, 31, 31, 31, 34, 36, 36, 35, 12, 0, 0]",3
"[ 0, 0, 0, 0, 9, 24, 26, 28, 4, 0, 0, 0, 0, 0, 0, 0, 0, 14, 21, 21, 21, 21, 22, 17, 18, 8, 0, 0, 0, 0, 18, 19, 26, 30, 28, 22, 19, 19, 20, 23, 20, 9, 0, 0, 0, 14, 14, 26, 34, 32, 26, 21, 21, 22, 24, 30, 28, 15, 0, 0, 0, 0, 14, 22, 26, 29, 25, 24, 25, 29, 39, 49, 42, 14, 0, 0, 0, 0, 0, 10, 24, 23, 23, 28, 34, 47, 59, 59, 40, 8, 0, 0, 0, 0, 0, 0, 0, 0, 29, 37, 43, 49, 50, 44, 36]","[ 0, 0, 0, 0, 11, 29, 29, 31, 4, 0, 0, 0, 0, 0, 0, 0, 10, 13, 16, 23, 26, 26, 15, 15, 16, 9, 0, 0, 0, 15, 14, 23, 24, 19, 20, 22, 23, 26, 28, 30, 20, 5, 0, 0, 54, 50, 39, 27, 21, 20, 22, 25, 32, 37, 36, 32, 19, 0, 0, 15, 47, 48, 34, 24, 24, 24, 28, 37, 42, 41, 35, 26, 15, 0, 0, 26, 30, 30, 30, 28, 29, 32, 38, 43, 42, 35, 29, 24, 12, 0, 0, 0, 20, 36, 33, 33, 34, 38, 41, 39, 35, 30, 28, 29]",3
"[ 0, 0, 0, 0, 6, 16, 18, 20, 22, 23, 27, 15, 0, 0, 0, 0, 0, 11, 16, 17, 18, 18, 19, 20, 23, 27, 25, 21, 17, 0, 8, 8, 22, 30, 26, 21, 19, 19, 20, 23, 30, 37, 40, 33, 10, 27, 28, 31, 34, 31, 24, 21, 21, 22, 24, 38, 50, 50, 42, 36, 8, 8, 9, 23, 32, 27, 25, 25, 27, 31, 41, 48, 46, 35, 10, 0, 0, 0, 11, 19, 16, 15, 15, 29, 35, 41, 36, 26, 18, 0, 0, 0, 0, 0, 0, 0, 0, 0, 29, 37, 40, 22, 0, 0, 0]","[ 0, 0, 0, 0, 7, 19, 19, 22, 25, 27, 27, 14, 0, 0, 0, 0, 0, 5, 7, 12, 19, 20, 22, 26, 29, 29, 20, 10, 7, 0, 0, 0, 14, 19, 18, 19, 20, 23, 28, 32, 33, 29, 25, 19, 0, 22, 20, 26, 25, 21, 21, 22, 25, 29, 34, 34, 31, 28, 24, 14, 40, 37, 34, 28, 24, 23, 24, 26, 30, 34, 35, 32, 29, 26, 26, 15, 14, 13, 23, 31, 28, 28, 29, 31, 34, 34, 33, 24, 10, 10, 0, 0, 0, 19, 35, 32, 30, 30, 31, 33, 34, 33, 22, 0, 0]",3
"[ 0, 0, 0, 0, 9, 21, 17, 18, 21, 24, 30, 18, 0, 0, 0, 0, 0, 0, 8, 18, 21, 17, 16, 20, 23, 27, 22, 10, 0, 0, 0, 7, 9, 20, 27, 22, 19, 15, 18, 22, 26, 29, 24, 11, 0, 0, 25, 33, 35, 32, 26, 21, 16, 16, 20, 27, 36, 44, 39, 0, 19, 29, 32, 34, 33, 30, 24, 20, 21, 28, 38, 47, 53, 51, 31, 15, 17, 18, 27, 33, 31, 28, 26, 27, 33, 42, 49, 46, 32, 25, 0, 0, 0, 17, 32, 31, 32, 31, 32, 37, 43, 46, 32, 0, 0]","[ 0, 0, 0, 0, 17, 25, 25, 24, 26, 29, 22, 0, 0, 0, 0, 0, 0, 11, 13, 19, 24, 24, 24, 28, 33, 29, 17, 12, 0, 0, 12, 11, 23, 23, 21, 22, 22, 24, 30, 36, 35, 30, 23, 7, 0, 41, 40, 35, 27, 21, 20, 21, 25, 32, 37, 36, 31, 29, 25, 0, 12, 11, 32, 32, 27, 24, 24, 28, 33, 35, 34, 30, 29, 27, 19, 0, 0, 18, 20, 27, 28, 27, 31, 34, 34, 32, 30, 28, 16, 15, 0, 0, 0, 0, 23, 30, 29, 33, 35, 34, 32, 31, 27, 0, 0]",3
"[ 0, 0, 0, 0, 14, 20, 20, 10, 0, 0, 0, 0, 0, 0, 0, 0, 20, 24, 22, 20, 19, 17, 14, 14, 11, 0, 0, 0, 0, 18, 19, 31, 33, 27, 21, 19, 18, 19, 20, 21, 20, 18, 0, 0, 14, 15, 31, 35, 29, 23, 21, 20, 22, 25, 32, 42, 40, 18, 0, 0, 0, 18, 22, 26, 26, 24, 24, 27, 33, 42, 55, 53, 37, 12, 0, 0, 0, 0, 16, 23, 22, 25, 31, 39, 48, 53, 49, 32, 26, 0, 0, 0, 0, 0, 0, 0, 16, 33, 37, 40, 39, 32, 0, 0]","[ 0, 0, 0, 0, 17, 20, 18, 21, 0, 0, 0, 0, 0, 0, 0, 0, 19, 15, 18, 20, 17, 21, 15, 19, 19, 18, 0, 0, 0, 14, 15, 36, 26, 19, 20, 17, 22, 28, 37, 37, 32, 9, 8, 0, 49, 52, 44, 28, 21, 20, 19, 24, 34, 47, 44, 34, 30, 28, 0, 14, 15, 46, 34, 27, 23, 23, 29, 40, 45, 39, 32, 31, 28, 20, 0, 0, 27, 21, 33, 29, 30, 33, 40, 41, 36, 34, 18, 17, 16, 0, 0, 0, 0, 38, 35, 36, 35, 38, 37, 36, 36, 0, 0, 0]",3
"[ 0, 0, 0, 0, 15, 20, 21, 11, 0, 0, 0, 0, 0, 0, 0, 0, 0, 11, 20, 21, 20, 14, 11, 13, 15, 12, 0, 0, 0, 0, 6, 8, 22, 26, 22, 19, 18, 19, 23, 28, 27, 13, 10, 0, 0, 22, 28, 30, 29, 25, 21, 19, 20, 25, 33, 42, 44, 35, 0, 19, 27, 30, 31, 31, 28, 25, 23, 23, 28, 39, 48, 48, 39, 23, 15, 16, 18, 29, 32, 31, 28, 26, 27, 31, 39, 45, 41, 23, 18, 0, 0, 0, 25, 33, 32, 31, 29, 30, 33, 37, 39, 31, 0, 0]","[ 0, 0, 0, 0, 0, 0, 0, 27, 25, 25, 0, 0, 0, 0, 0, 0, 0, 0, 0, 11, 13, 14, 24, 25, 29, 19, 15, 0, 0, 0, 0, 0, 10, 8, 22, 22, 24, 23, 27, 34, 34, 28, 7, 7, 0, 0, 0, 34, 29, 26, 24, 23, 25, 31, 37, 36, 31, 25, 23, 0, 33, 31, 40, 36, 30, 25, 23, 28, 34, 36, 35, 31, 26, 26, 21, 26, 25, 25, 38, 32, 27, 25, 30, 35, 34, 34, 33, 15, 15, 17, 0, 0, 0, 37, 31, 29, 28, 32, 34, 33, 34, 35, 0, 0, 0]",3
"[ 0, 0, 0, 0, 13, 19, 18, 18, 18, 20, 16, 0, 0, 0, 0, 0, 0, 10, 13, 18, 19, 17, 17, 17, 18, 17, 12, 12, 0, 0, 6, 6, 19, 25, 24, 20, 18, 16, 16, 17, 19, 23, 26, 10, 0, 22, 21, 24, 29, 28, 24, 20, 18, 16, 17, 21, 27, 38, 35, 0, 6, 6, 23, 30, 29, 26, 23, 20, 19, 25, 35, 45, 48, 39, 21, 0, 0, 13, 17, 25, 28, 25, 23, 24, 30, 40, 46, 43, 23, 17, 0, 0, 0, 0, 20, 29, 27, 26, 28, 33, 38, 39, 29, 0, 0]","[ 0, 0, 0, 0, 16, 16, 18, 17, 20, 18, 20, 0, 0, 0, 0, 0, 0, 19, 15, 18, 15, 17, 18, 20, 26, 27, 15, 12, 0, 0, 10, 10, 35, 28, 19, 16, 17, 20, 22, 32, 32, 26, 22, 7, 7, 36, 36, 42, 32, 21, 18, 19, 22, 26, 32, 32, 28, 25, 23, 25, 10, 10, 40, 33, 25, 22, 22, 26, 29, 29, 30, 28, 28, 7, 7, 0, 0, 23, 19, 29, 26, 26, 28, 30, 28, 29, 17, 17, 0, 0, 0, 0, 0, 0, 32, 30, 29, 29, 30, 29, 30, 0, 0, 0, 0]",3
"[ 0, 0, 0, 0, 0, 13, 22, 24, 15, 0, 0, 0, 0, 0, 0, 0, 0, 0, 11, 13, 17, 20, 21, 18, 13, 14, 11, 0, 0, 0, 0, 7, 8, 23, 25, 21, 18, 18, 20, 22, 25, 22, 11, 10, 0, 0, 23, 29, 32, 30, 24, 19, 19, 21, 23, 25, 31, 37, 36, 0, 20, 28, 31, 33, 33, 28, 22, 20, 22, 28, 37, 49, 51, 42, 19, 16, 18, 18, 30, 33, 30, 24, 22, 25, 33, 45, 56, 51, 25, 15, 0, 0, 0, 25, 32, 30, 27, 25, 27, 37, 50, 55, 45, 0, 0]","[ 0, 0, 0, 0, 18, 16, 19, 25, 24, 24, 0, 0, 0, 0, 0, 0, 0, 14, 10, 18, 16, 18, 23, 26, 30, 19, 17, 0, 0, 0, 11, 13, 29, 20, 18, 16, 17, 23, 31, 38, 35, 30, 8, 8, 0, 40, 44, 41, 28, 19, 16, 18, 25, 37, 46, 40, 32, 29, 27, 0, 11, 13, 46, 39, 27, 22, 24, 30, 37, 41, 38, 33, 30, 30, 21, 0, 0, 27, 25, 36, 30, 29, 34, 37, 37, 36, 35, 18, 18, 17, 0, 0, 0, 0, 42, 36, 34, 36, 37, 35, 35, 37, 0, 0, 0]",3
"[ 0, 0, 0, 0, 9, 22, 24, 26, 3, 0, 0, 0, 0, 0, 0, 0, 0, 0, 10, 21, 22, 21, 22, 19, 20, 22, 12, 0, 0, 0, 0, 13, 17, 23, 27, 23, 20, 19, 20, 23, 25, 23, 20, 17, 0, 13, 23, 27, 30, 29, 26, 21, 19, 19, 23, 27, 33, 41, 39, 17, 17, 17, 18, 25, 30, 29, 25, 21, 22, 27, 33, 42, 52, 47, 21, 0, 0, 0, 13, 24, 23, 22, 20, 26, 31, 37, 41, 41, 31, 0, 0, 0, 0, 0, 0, 0, 0, 0, 26, 34, 36, 20, 0, 0, 0]","[ 0, 0, 0, 0, 21, 22, 25, 26, 29, 30, 0, 0, 0, 0, 0, 0, 0, 17, 14, 20, 20, 22, 25, 30, 33, 16, 15, 0, 0, 0, 10, 10, 30, 24, 19, 20, 23, 26, 33, 36, 29, 26, 8, 8, 0, 34, 35, 34, 25, 21, 23, 27, 32, 39, 37, 31, 28, 27, 28, 0, 10, 10, 37, 30, 26, 27, 30, 33, 37, 36, 32, 31, 30, 30, 22, 0, 0, 22, 18, 31, 31, 32, 33, 36, 35, 34, 33, 18, 18, 18, 0, 0, 0, 0, 36, 35, 34, 33, 34, 34, 35, 35, 0, 0, 0]",3
"[ 0, 0, 0, 0, 0, 0, 0, 0, 26, 31, 33, 18, 0, 0, 0, 0, 0, 0, 0, 5, 11, 12, 12, 23, 25, 29, 28, 24, 19, 0, 0, 0, 5, 8, 13, 20, 19, 20, 19, 21, 26, 34, 41, 36, 11, 0, 0, 18, 26, 25, 22, 18, 16, 18, 22, 26, 33, 40, 43, 37, 20, 21, 27, 31, 30, 26, 21, 19, 22, 26, 31, 38, 47, 45, 11, 16, 16, 17, 26, 33, 30, 25, 24, 26, 29, 34, 32, 29, 26, 0, 0, 0, 0, 18, 34, 33, 30, 29, 29, 30, 35, 20, 0, 0, 0]","[ 0, 0, 0, 0, 0, 0, 0, 15, 30, 28, 18, 0, 0, 0, 0, 0, 0, 0, 0, 9, 14, 15, 21, 30, 31, 26, 17, 13, 0, 0, 0, 0, 7, 8, 18, 25, 26, 28, 32, 35, 33, 30, 25, 9, 9, 0, 0, 24, 27, 26, 26, 27, 32, 38, 39, 34, 30, 31, 31, 31, 37, 33, 35, 31, 28, 28, 31, 34, 36, 37, 36, 34, 30, 9, 9, 30, 27, 23, 31, 31, 31, 34, 35, 36, 37, 32, 20, 17, 0, 0, 0, 0, 0, 27, 34, 34, 34, 35, 37, 38, 27, 0, 0, 0, 0]",3
"[ 0, 0, 0, 0, 0, 13, 21, 21, 12, 0, 0, 0, 0, 0, 0, 0, 0, 10, 12, 15, 18, 18, 14, 11, 13, 11, 0, 0, 0, 0, 6, 8, 20, 21, 18, 16, 15, 17, 20, 23, 22, 10, 8, 0, 0, 22, 27, 27, 23, 19, 17, 17, 18, 21, 26, 31, 35, 29, 0, 18, 24, 29, 29, 26, 23, 20, 19, 19, 24, 34, 45, 49, 40, 24, 14, 14, 17, 26, 28, 26, 24, 23, 25, 32, 45, 53, 50, 26, 19, 0, 0, 0, 22, 29, 29, 28, 28, 32, 41, 54, 57, 44, 0, 0]","[ 0, 0, 0, 0, 15, 22, 23, 12, 0, 0, 0, 0, 0, 0, 0, 0, 10, 11, 17, 20, 21, 17, 15, 18, 13, 0, 0, 0, 0, 10, 10, 20, 19, 19, 18, 19, 22, 27, 32, 26, 8, 6, 0, 0, 36, 35, 30, 22, 20, 19, 20, 24, 30, 34, 35, 28, 21, 0, 0, 10, 10, 32, 28, 21, 19, 21, 26, 32, 37, 36, 29, 25, 17, 0, 0, 0, 19, 17, 22, 24, 24, 29, 34, 37, 35, 29, 28, 25, 12, 0, 0, 0, 0, 23, 30, 28, 31, 35, 36, 34, 30, 29, 28, 27]",3
"[ 0, 0, 0, 0, 6, 16, 17, 20, 21, 20, 24, 14, 0, 0, 0, 0, 0, 9, 13, 15, 18, 17, 18, 18, 19, 22, 20, 16, 13, 0, 6, 6, 19, 25, 23, 21, 19, 18, 18, 20, 25, 30, 32, 27, 9, 21, 23, 27, 30, 30, 27, 21, 21, 21, 28, 36, 41, 40, 36, 31, 6, 6, 8, 19, 28, 27, 23, 22, 25, 32, 38, 41, 40, 32, 9, 0, 0, 0, 9, 16, 15, 14, 13, 27, 32, 36, 31, 23, 17, 0, 0, 0, 0, 0, 0, 0, 0, 0, 28, 30, 32, 18, 0, 0, 0]","[ 0, 0, 0, 0, 16, 21, 20, 21, 25, 29, 30, 21, 0, 0, 0, 0, 0, 11, 10, 18, 21, 20, 21, 26, 34, 34, 24, 9, 7, 0, 0, 0, 28, 26, 22, 22, 21, 21, 29, 41, 41, 30, 24, 19, 0, 21, 22, 37, 31, 25, 23, 23, 25, 33, 43, 42, 32, 28, 24, 14, 38, 41, 40, 34, 28, 26, 26, 29, 36, 43, 41, 33, 29, 26, 26, 15, 16, 15, 30, 32, 29, 29, 31, 35, 40, 39, 35, 28, 10, 10, 0, 0, 0, 28, 35, 31, 30, 31, 35, 37, 38, 36, 27, 0, 0]",3
"[ 0, 0, 0, 0, 0, 12, 17, 18, 19, 18, 19, 9, 0, 0, 0, 0, 0, 0, 11, 19, 16, 16, 14, 16, 18, 21, 17, 18, 4, 0, 0, 4, 21, 31, 35, 21, 15, 14, 14, 19, 24, 24, 29, 22, 1, 11, 14, 30, 39, 41, 27, 15, 16, 14, 20, 27, 34, 42, 36, 16, 14, 17, 28, 35, 39, 30, 18, 18, 17, 21, 30, 43, 49, 39, 20, 0, 5, 23, 25, 29, 29, 25, 24, 22, 26, 33, 41, 37, 28, 2, 0, 0, 0, 0, 17, 27, 29, 29, 28, 30, 32, 33, 11, 0, 0]","[ 0, 0, 0, 0, 0, 0, 0, 10, 19, 22, 22, 0, 0, 0, 0, 0, 0, 0, 9, 11, 13, 12, 17, 20, 22, 24, 18, 8, 0, 0, 0, 5, 17, 18, 14, 15, 15, 17, 21, 25, 27, 24, 17, 12, 1, 17, 23, 34, 26, 17, 16, 15, 18, 24, 30, 30, 26, 23, 22, 13, 22, 30, 41, 31, 20, 19, 18, 22, 29, 33, 31, 28, 27, 19, 16, 0, 11, 35, 32, 23, 24, 25, 28, 31, 32, 31, 23, 23, 7, 0, 0, 0, 0, 25, 27, 29, 31, 32, 33, 34, 30, 0, 0, 0, 0]",3
"[ 0, 0, 0, 0, 11, 17, 17, 17, 19, 24, 15, 0, 0, 0, 0, 0, 0, 7, 20, 15, 13, 13, 16, 20, 23, 22, 22, 8, 0, 0, 1, 20, 28, 35, 23, 13, 13, 16, 20, 24, 27, 34, 27, 19, 1, 14, 31, 40, 45, 36, 18, 14, 17, 20, 25, 31, 43, 46, 34, 15, 16, 22, 38, 45, 42, 24, 16, 20, 22, 28, 37, 49, 52, 28, 18, 0, 5, 26, 32, 36, 29, 24, 25, 26, 32, 41, 40, 36, 7, 0, 0, 0, 0, 16, 34, 32, 29, 28, 29, 33, 36, 17, 0, 0, 0]","[ 0, 0, 0, 0, 16, 19, 19, 21, 20, 22, 20, 0, 0, 0, 0, 0, 0, 6, 13, 15, 15, 13, 16, 18, 23, 23, 15, 7, 0, 0, 2, 17, 19, 20, 16, 14, 12, 14, 19, 28, 29, 23, 16, 11, 1, 17, 33, 32, 26, 20, 16, 14, 15, 22, 31, 30, 26, 22, 19, 11, 20, 30, 40, 31, 25, 20, 17, 18, 24, 29, 28, 26, 25, 16, 13, 0, 10, 32, 32, 31, 24, 21, 25, 26, 25, 26, 21, 22, 7, 0, 0, 0, 0, 27, 37, 30, 26, 27, 27, 28, 26, 0, 0, 0, 0]",3
"[ 0, 0, 0, 0, 10, 17, 16, 15, 16, 19, 11, 0, 0, 0, 0, 0, 0, 9, 23, 20, 17, 15, 14, 16, 19, 19, 21, 8, 0, 0, 1, 22, 30, 35, 26, 19, 15, 14, 17, 20, 26, 36, 30, 20, 1, 14, 33, 39, 39, 31, 21, 16, 16, 18, 26, 38, 49, 48, 35, 15, 17, 20, 28, 38, 33, 25, 20, 19, 23, 36, 49, 54, 51, 28, 18, 0, 0, 9, 28, 26, 22, 20, 19, 31, 42, 49, 44, 36, 7, 0, 0, 0, 0, 0, 0, 0, 0, 31, 36, 37, 17, 0, 0, 0]","[ 0, 0, 0, 0, 3, 17, 17, 18, 19, 22, 5, 0, 0, 0, 0, 0, 0, 16, 16, 16, 17, 19, 20, 24, 23, 19, 0, 0, 0, 0, 9, 22, 24, 20, 17, 17, 18, 23, 31, 34, 29, 10, 0, 0, 20, 31, 41, 31, 22, 18, 18, 20, 29, 38, 39, 32, 21, 13, 2, 26, 39, 50, 38, 28, 21, 20, 25, 35, 42, 39, 34, 29, 28, 13, 0, 18, 43, 34, 35, 27, 26, 30, 38, 41, 38, 35, 31, 26, 25, 0, 0, 0, 0, 40, 36, 35, 35, 37, 39, 38, 36, 25, 0, 0]",3
"[ 0, 0, 0, 0, 9, 17, 18, 17, 19, 23, 14, 0, 0, 0, 0, 0, 0, 6, 18, 17, 15, 15, 15, 17, 20, 21, 21, 7, 0, 0, 1, 15, 22, 29, 24, 17, 15, 14, 16, 19, 24, 33, 30, 23, 1, 14, 26, 30, 33, 30, 22, 18, 16, 17, 21, 30, 43, 49, 40, 17, 17, 20, 31, 34, 33, 27, 23, 19, 21, 26, 38, 52, 55, 32, 21, 0, 5, 24, 28, 32, 30, 27, 24, 26, 31, 43, 46, 40, 8, 0, 0, 0, 0, 14, 31, 31, 29, 28, 29, 33, 39, 20, 0, 0, 0]","[ 0, 0, 0, 0, 13, 16, 16, 17, 21, 26, 22, 0, 0, 0, 0, 0, 0, 7, 13, 15, 16, 15, 18, 25, 32, 29, 20, 9, 0, 0, 3, 24, 22, 19, 16, 16, 16, 21, 30, 36, 33, 27, 20, 16, 2, 26, 41, 34, 24, 19, 18, 19, 25, 33, 37, 33, 29, 28, 27, 16, 31, 33, 39, 28, 23, 22, 24, 29, 34, 35, 32, 30, 24, 19, 19, 0, 10, 31, 30, 29, 28, 30, 28, 26, 26, 25, 25, 13, 0, 0, 0, 0, 0, 26, 34, 34, 34, 17, 0, 0, 0, 0, 0, 0, 0]",3
"[ 0, 0, 0, 0, 0, 20, 20, 20, 20, 23, 28, 0, 0, 0, 0, 0, 0, 0, 21, 20, 18, 18, 19, 19, 21, 26, 21, 24, 0, 0, 0, 17, 21, 33, 33, 22, 18, 18, 17, 19, 25, 30, 39, 26, 0, 15, 28, 34, 38, 38, 30, 22, 18, 16, 22, 31, 41, 51, 47, 19, 19, 19, 34, 37, 39, 36, 27, 21, 20, 28, 40, 50, 56, 49, 24, 0, 0, 26, 29, 37, 37, 33, 28, 28, 37, 47, 51, 39, 34, 0, 0, 0, 0, 0, 35, 36, 38, 35, 33, 39, 44, 46, 0, 0, 0]","[ 0, 0, 0, 0, 20, 21, 19, 21, 23, 24, 25, 0, 0, 0, 0, 0, 0, 0, 18, 19, 19, 18, 19, 21, 25, 27, 20, 0, 0, 0, 0, 28, 26, 28, 20, 18, 17, 18, 24, 33, 34, 30, 18, 0, 0, 29, 49, 46, 37, 25, 21, 21, 22, 29, 39, 38, 32, 30, 15, 0, 37, 35, 51, 44, 32, 28, 27, 28, 32, 38, 37, 33, 33, 31, 12, 0, 0, 39, 38, 40, 37, 35, 36, 35, 35, 35, 36, 28, 27, 27, 0, 0, 0, 0, 43, 41, 38, 39, 38, 36, 37, 40, 0, 0, 0]",3
"[ 0, 0, 0, 0, 12, 23, 21, 21, 0, 0, 0, 0, 0, 0, 0, 0, 0, 7, 20, 19, 19, 16, 16, 12, 14, 9, 0, 0, 0, 0, 1, 16, 23, 32, 27, 19, 15, 16, 16, 18, 20, 21, 8, 0, 0, 13, 27, 32, 37, 32, 23, 18, 18, 18, 21, 28, 37, 28, 18, 1, 16, 20, 32, 36, 35, 27, 22, 21, 22, 26, 33, 41, 42, 36, 13, 0, 5, 24, 26, 30, 29, 26, 25, 26, 30, 36, 41, 34, 27, 26, 0, 0, 0, 0, 19, 30, 28, 28, 29, 32, 35, 37, 13, 0, 0]","[ 0, 0, 0, 17, 21, 21, 20, 20, 21, 27, 25, 0, 0, 0, 0, 0, 6, 18, 22, 21, 19, 19, 20, 25, 31, 30, 17, 16, 5, 0, 12, 19, 33, 27, 21, 18, 18, 22, 30, 35, 34, 30, 29, 14, 8, 42, 40, 36, 30, 22, 17, 18, 23, 33, 38, 37, 32, 30, 30, 29, 12, 21, 41, 35, 27, 23, 23, 26, 33, 36, 36, 33, 32, 16, 8, 0, 8, 25, 34, 33, 29, 28, 30, 34, 36, 34, 19, 19, 6, 0, 0, 0, 0, 29, 38, 34, 33, 34, 36, 35, 31, 0, 0, 0, 0]",3
"[ 0, 0, 0, 4, 19, 17, 17, 9, 0, 0, 0, 0, 0, 0, 0, 1, 13, 14, 20, 16, 15, 12, 9, 10, 12, 3, 0, 0, 0, 8, 9, 23, 23, 21, 17, 16, 15, 16, 19, 21, 10, 7, 1, 0, 27, 26, 26, 26, 23, 22, 20, 18, 19, 20, 22, 23, 24, 2, 0, 8, 9, 28, 28, 26, 25, 23, 22, 22, 23, 25, 26, 26, 21, 21, 0, 2, 17, 19, 28, 27, 26, 25, 24, 26, 28, 30, 18, 16, 17, 0, 0, 0, 7, 29, 28, 27, 26, 26, 28, 31, 33, 6, 0, 0]","[ 0, 0, 0, 12, 23, 19, 19, 19, 20, 21, 20, 19, 6, 0, 0, 0, 2, 10, 16, 22, 19, 18, 19, 21, 21, 20, 20, 11, 7, 8, 0, 6, 27, 24, 20, 18, 18, 20, 22, 22, 21, 21, 19, 18, 20, 18, 19, 29, 26, 22, 19, 19, 21, 23, 24, 24, 24, 23, 12, 11, 34, 30, 29, 28, 24, 21, 20, 22, 24, 26, 27, 26, 24, 5, 0, 13, 12, 18, 30, 27, 24, 23, 24, 26, 27, 28, 18, 9, 2, 0, 0, 0, 11, 32, 28, 25, 25, 26, 27, 28, 29, 13, 0, 0, 0]",4
"[ 0, 0, 0, 11, 23, 20, 19, 22, 26, 28, 18, 0, 0, 0, 0, 0, 3, 15, 20, 23, 20, 18, 20, 21, 24, 23, 17, 6, 0, 0, 9, 12, 27, 27, 25, 20, 19, 18, 19, 21, 26, 29, 15, 8, 1, 32, 30, 29, 29, 27, 24, 20, 20, 20, 23, 25, 27, 28, 27, 2, 9, 13, 31, 30, 29, 26, 23, 23, 24, 24, 26, 28, 28, 28, 23, 0, 4, 18, 23, 30, 28, 26, 26, 27, 27, 29, 31, 21, 16, 18, 0, 0, 0, 14, 30, 29, 28, 28, 29, 30, 33, 34, 12, 0, 0]","[ 0, 0, 0, 0, 0, 0, 0, 11, 23, 23, 19, 0, 0, 0, 0, 0, 0, 0, 15, 21, 17, 15, 16, 20, 21, 20, 15, 15, 4, 0, 0, 7, 22, 24, 24, 20, 19, 20, 22, 23, 23, 23, 22, 18, 18, 19, 24, 33, 28, 24, 20, 20, 22, 25, 26, 27, 27, 27, 16, 14, 24, 28, 34, 30, 26, 23, 23, 24, 27, 28, 29, 19, 19, 6, 0, 0, 9, 30, 26, 30, 27, 26, 24, 23, 24, 23, 0, 0, 0, 0, 0, 0, 0, 0, 31, 33, 29, 14, 0, 0, 0, 0, 0, 0, 0]",4
"[ 0, 0, 0, 6, 24, 25, 27, 30, 14, 0, 0, 0, 0, 0, 0, 0, 1, 13, 17, 24, 23, 23, 24, 16, 13, 16, 18, 3, 0, 0, 7, 9, 24, 25, 25, 23, 21, 20, 19, 23, 28, 31, 13, 9, 0, 26, 26, 26, 27, 26, 24, 23, 22, 22, 24, 27, 29, 32, 32, 1, 7, 9, 28, 28, 27, 26, 25, 25, 25, 26, 27, 29, 30, 30, 23, 0, 2, 17, 19, 28, 27, 27, 27, 27, 28, 30, 31, 19, 17, 18, 0, 0, 0, 7, 29, 28, 28, 29, 29, 31, 33, 34, 6, 0, 0]","[ 0, 0, 0, 0, 0, 0, 0, 23, 23, 23, 13, 0, 0, 0, 0, 0, 0, 0, 5, 10, 10, 11, 22, 23, 23, 19, 12, 12, 2, 0, 0, 2, 8, 12, 18, 18, 19, 22, 24, 24, 23, 21, 22, 11, 8, 0, 6, 30, 22, 20, 21, 21, 23, 25, 25, 25, 24, 26, 27, 29, 26, 28, 31, 25, 23, 25, 24, 25, 26, 26, 27, 27, 14, 8, 8, 21, 21, 23, 29, 28, 28, 26, 15, 15, 16, 16, 16, 6, 0, 0, 0, 0, 11, 32, 32, 30, 28, 0, 0, 0, 0, 0, 0, 0, 0]",4
"[ 0, 0, 0, 4, 20, 19, 18, 18, 21, 23, 26, 6, 0, 0, 0, 0, 1, 8, 11, 21, 20, 18, 19, 20, 22, 25, 14, 10, 1, 0, 0, 2, 21, 22, 23, 22, 20, 19, 20, 21, 25, 27, 26, 3, 0, 14, 15, 25, 26, 26, 25, 23, 21, 22, 24, 26, 29, 29, 17, 17, 26, 26, 25, 28, 28, 27, 25, 24, 24, 26, 29, 31, 28, 29, 32, 10, 10, 13, 29, 29, 29, 27, 26, 27, 28, 31, 34, 15, 11, 12, 0, 0, 5, 30, 30, 30, 28, 28, 28, 30, 32, 36, 6, 0, 0]","[ 0, 0, 0, 0, 0, 0, 0, 10, 21, 21, 21, 5, 0, 0, 0, 0, 0, 0, 2, 9, 8, 9, 14, 21, 22, 22, 14, 12, 1, 0, 0, 1, 7, 8, 16, 15, 16, 17, 21, 23, 24, 22, 22, 9, 8, 0, 2, 24, 20, 17, 16, 17, 19, 22, 24, 26, 25, 25, 26, 27, 28, 27, 28, 24, 21, 20, 20, 23, 25, 26, 27, 27, 28, 9, 8, 22, 21, 19, 27, 24, 23, 24, 25, 26, 27, 28, 19, 17, 2, 0, 0, 0, 5, 30, 27, 26, 27, 26, 27, 27, 29, 7, 0, 0, 0]",4
"[ 0, 0, 0, 5, 20, 20, 20, 22, 24, 27, 33, 8, 0, 0, 0, 0, 1, 15, 16, 23, 21, 20, 20, 22, 25, 30, 21, 18, 2, 0, 8, 10, 26, 25, 25, 23, 21, 19, 21, 23, 28, 31, 31, 11, 10, 28, 28, 28, 27, 27, 26, 23, 22, 23, 25, 28, 31, 31, 33, 35, 8, 8, 11, 28, 28, 28, 27, 26, 27, 29, 31, 32, 32, 12, 10, 0, 0, 3, 16, 17, 16, 16, 22, 30, 32, 32, 22, 18, 2, 0, 0, 0, 0, 0, 0, 0, 15, 32, 33, 34, 8, 0, 0, 0]","[ 0, 0, 0, 0, 0, 0, 0, 18, 20, 23, 14, 0, 0, 0, 0, 0, 0, 0, 6, 12, 11, 9, 18, 20, 24, 20, 12, 11, 2, 0, 0, 2, 8, 14, 21, 18, 16, 19, 21, 25, 24, 22, 21, 10, 8, 0, 6, 27, 22, 19, 18, 18, 21, 24, 26, 26, 24, 24, 25, 28, 25, 23, 27, 23, 22, 20, 21, 23, 25, 27, 27, 27, 28, 11, 8, 20, 18, 20, 25, 24, 23, 23, 25, 26, 28, 28, 22, 17, 3, 0, 0, 0, 9, 27, 27, 25, 24, 26, 27, 28, 28, 13, 0, 0, 0]",4
"[ 0, 0, 0, 0, 7, 25, 29, 36, 17, 0, 0, 0, 0, 0, 0, 0, 0, 2, 13, 15, 22, 24, 28, 21, 15, 17, 19, 3, 0, 0, 0, 6, 9, 23, 22, 21, 20, 21, 22, 25, 28, 33, 13, 9, 0, 1, 22, 23, 25, 25, 22, 21, 19, 17, 20, 25, 31, 33, 30, 1, 20, 26, 26, 27, 27, 24, 23, 21, 20, 22, 26, 31, 33, 31, 24, 16, 15, 18, 29, 28, 26, 24, 24, 24, 25, 28, 32, 33, 19, 19, 0, 0, 5, 30, 29, 28, 26, 26, 27, 27, 29, 32, 34, 3, 0]","[ 0, 0, 0, 13, 27, 24, 21, 18, 18, 21, 14, 0, 0, 0, 0, 0, 4, 20, 20, 23, 21, 19, 19, 20, 23, 19, 12, 11, 2, 0, 13, 17, 34, 24, 21, 19, 18, 20, 22, 24, 24, 22, 21, 10, 9, 45, 41, 32, 22, 20, 20, 19, 21, 23, 25, 26, 24, 24, 26, 30, 13, 17, 35, 29, 25, 23, 22, 24, 25, 26, 27, 26, 26, 11, 9, 0, 4, 21, 25, 30, 27, 25, 26, 27, 27, 22, 15, 15, 3, 0, 0, 0, 0, 17, 34, 29, 27, 28, 28, 28, 17, 0, 0, 0, 0]",4
"[ 0, 0, 0, 5, 21, 19, 18, 18, 18, 21, 23, 25, 27, 3, 0, 0, 1, 9, 12, 22, 21, 19, 19, 19, 21, 23, 25, 28, 13, 11, 0, 2, 24, 24, 24, 22, 21, 20, 19, 21, 23, 25, 27, 29, 29, 15, 16, 28, 27, 26, 24, 23, 22, 21, 23, 25, 27, 29, 32, 16, 29, 27, 28, 28, 28, 26, 25, 24, 23, 25, 27, 29, 28, 30, 1, 11, 10, 14, 29, 28, 28, 26, 25, 25, 28, 30, 33, 14, 12, 0, 0, 0, 5, 30, 29, 28, 27, 26, 27, 30, 32, 35, 6, 0, 0]","[ 0, 0, 0, 11, 24, 22, 19, 19, 21, 21, 20, 9, 0, 0, 0, 0, 4, 17, 20, 22, 21, 18, 18, 21, 21, 20, 16, 12, 3, 0, 11, 15, 31, 26, 22, 21, 19, 19, 22, 22, 21, 22, 23, 12, 9, 40, 36, 32, 27, 23, 23, 22, 22, 23, 24, 25, 26, 28, 30, 31, 11, 15, 34, 29, 27, 26, 26, 26, 26, 27, 28, 29, 32, 13, 9, 0, 4, 20, 24, 31, 29, 28, 28, 28, 30, 31, 24, 19, 4, 0, 0, 0, 0, 15, 33, 32, 30, 30, 30, 32, 33, 16, 0, 0, 0]",4
"[ 0, 0, 0, 5, 22, 22, 22, 24, 11, 0, 0, 0, 0, 0, 0, 0, 2, 19, 20, 22, 19, 18, 18, 16, 16, 20, 23, 4, 0, 0, 17, 17, 25, 25, 23, 21, 18, 17, 18, 21, 26, 28, 20, 19, 1, 13, 14, 26, 26, 25, 24, 21, 21, 22, 24, 27, 29, 29, 31, 17, 0, 2, 17, 19, 26, 26, 25, 24, 26, 28, 31, 32, 32, 34, 22, 0, 0, 0, 5, 21, 21, 20, 21, 26, 31, 34, 36, 29, 30, 1, 0, 0, 0, 0, 0, 0, 0, 18, 33, 37, 39, 6, 0, 0]","[ 0, 0, 0, 11, 21, 18, 17, 18, 19, 19, 19, 9, 0, 0, 0, 14, 12, 10, 15, 21, 18, 17, 18, 19, 20, 20, 14, 9, 2, 0, 36, 32, 27, 23, 20, 18, 17, 19, 20, 22, 21, 20, 22, 5, 0, 19, 21, 30, 25, 22, 19, 18, 21, 22, 24, 23, 24, 25, 17, 15, 0, 6, 30, 26, 24, 21, 20, 22, 24, 26, 25, 26, 26, 27, 28, 0, 2, 11, 19, 27, 23, 23, 24, 25, 27, 27, 28, 16, 10, 11, 0, 0, 0, 14, 29, 25, 25, 26, 26, 27, 28, 30, 10, 0, 0]",4
"[ 0, 0, 0, 6, 25, 26, 26, 12, 0, 0, 0, 0, 0, 0, 0, 1, 14, 17, 26, 26, 25, 18, 12, 15, 19, 21, 4, 0, 0, 8, 9, 25, 26, 27, 27, 25, 23, 23, 27, 33, 37, 14, 9, 9, 28, 27, 26, 27, 27, 28, 27, 27, 27, 29, 33, 36, 34, 31, 32, 8, 10, 28, 28, 29, 30, 29, 30, 30, 30, 32, 33, 32, 11, 9, 0, 2, 17, 20, 30, 30, 30, 31, 31, 31, 32, 22, 18, 2, 0, 0, 0, 0, 7, 30, 29, 29, 30, 30, 31, 33, 8, 0, 0, 0]","[ 0, 0, 0, 0, 0, 0, 0, 0, 30, 29, 28, 25, 0, 0, 0, 0, 0, 0, 15, 13, 13, 14, 16, 30, 29, 29, 25, 13, 14, 0, 12, 11, 10, 28, 23, 24, 24, 28, 30, 30, 28, 26, 23, 24, 8, 41, 39, 35, 30, 26, 26, 26, 28, 30, 29, 28, 26, 24, 26, 28, 12, 11, 35, 31, 29, 29, 28, 28, 30, 29, 28, 27, 27, 7, 8, 0, 0, 21, 18, 31, 30, 29, 29, 30, 29, 29, 16, 17, 0, 0, 0, 0, 0, 0, 32, 31, 30, 30, 30, 30, 30, 0, 0, 0, 0]",4
"[ 0, 0, 0, 11, 23, 25, 27, 28, 29, 36, 42, 21, 0, 0, 0, 0, 2, 11, 16, 22, 22, 23, 22, 24, 29, 35, 30, 22, 4, 0, 7, 9, 20, 20, 20, 21, 20, 18, 20, 23, 29, 35, 36, 14, 9, 24, 22, 22, 21, 21, 22, 20, 18, 18, 20, 25, 29, 30, 31, 33, 7, 10, 26, 24, 24, 24, 22, 21, 21, 22, 26, 29, 29, 13, 9, 0, 3, 16, 20, 26, 26, 24, 24, 25, 25, 27, 22, 17, 3, 0, 0, 0, 0, 13, 26, 27, 26, 27, 28, 28, 29, 14, 0, 0, 0]","[ 0, 0, 0, 0, 28, 28, 25, 24, 23, 21, 19, 0, 0, 0, 0, 0, 0, 9, 15, 23, 23, 22, 23, 22, 21, 20, 12, 11, 3, 0, 1, 10, 19, 25, 20, 19, 19, 21, 22, 21, 21, 21, 21, 11, 7, 4, 36, 30, 23, 18, 18, 19, 22, 22, 21, 22, 22, 24, 24, 26, 29, 34, 30, 25, 22, 21, 21, 23, 24, 24, 24, 25, 27, 13, 7, 23, 19, 24, 28, 25, 24, 24, 25, 27, 27, 25, 15, 16, 5, 0, 0, 0, 16, 32, 28, 27, 26, 27, 29, 29, 26, 0, 0, 0, 0]",4
"[ 0, 0, 0, 5, 22, 22, 22, 24, 11, 0, 0, 0, 0, 0, 0, 0, 1, 13, 16, 22, 22, 21, 21, 16, 12, 15, 17, 3, 0, 0, 8, 9, 24, 24, 23, 23, 21, 20, 20, 21, 25, 29, 12, 9, 0, 27, 27, 27, 26, 25, 25, 23, 22, 22, 23, 24, 28, 29, 30, 1, 8, 10, 29, 27, 26, 26, 25, 24, 24, 25, 27, 30, 31, 33, 26, 0, 2, 17, 19, 29, 28, 27, 27, 27, 27, 30, 33, 35, 21, 21, 0, 0, 0, 7, 31, 29, 28, 29, 28, 29, 33, 37, 39, 4, 0]","[ 0, 0, 0, 13, 25, 22, 20, 20, 22, 22, 13, 0, 0, 0, 0, 0, 4, 17, 19, 23, 21, 20, 21, 22, 22, 18, 13, 14, 3, 0, 12, 14, 30, 25, 22, 21, 21, 22, 23, 23, 24, 24, 25, 12, 9, 42, 34, 31, 27, 23, 22, 23, 22, 23, 24, 26, 26, 27, 30, 31, 12, 14, 32, 31, 28, 26, 26, 26, 26, 26, 28, 28, 15, 8, 9, 0, 4, 18, 26, 32, 29, 29, 15, 15, 16, 16, 17, 6, 0, 0, 0, 0, 0, 18, 35, 31, 30, 0, 0, 0, 0, 0, 0, 0, 0]",4
"[ 0, 0, 0, 5, 22, 21, 20, 21, 22, 24, 26, 6, 0, 0, 0, 0, 1, 14, 17, 24, 22, 19, 19, 20, 22, 24, 18, 17, 2, 0, 8, 9, 25, 26, 27, 23, 20, 18, 19, 21, 23, 27, 30, 11, 9, 27, 28, 28, 28, 29, 26, 22, 20, 21, 22, 24, 27, 29, 30, 31, 8, 8, 11, 29, 29, 27, 25, 24, 25, 26, 28, 30, 32, 35, 10, 0, 0, 3, 17, 17, 16, 15, 15, 23, 31, 33, 33, 22, 21, 1, 0, 0, 0, 0, 0, 0, 0, 0, 18, 34, 36, 36, 6, 0, 0]","[ 0, 0, 0, 0, 7, 23, 20, 19, 22, 23, 22, 5, 0, 0, 0, 0, 0, 2, 14, 15, 20, 19, 19, 22, 24, 23, 15, 14, 1, 0, 0, 9, 11, 25, 21, 19, 18, 19, 22, 25, 24, 24, 25, 9, 7, 1, 32, 28, 25, 21, 20, 19, 20, 23, 25, 26, 27, 27, 27, 26, 28, 35, 30, 28, 24, 23, 21, 23, 25, 27, 27, 28, 29, 10, 7, 22, 21, 21, 31, 27, 25, 24, 25, 27, 28, 28, 19, 17, 2, 0, 0, 0, 6, 35, 30, 27, 26, 26, 27, 29, 29, 7, 0, 0, 0]",4
"[ 0, 0, 0, 0, 23, 23, 22, 22, 22, 26, 32, 37, 0, 0, 0, 0, 0, 14, 15, 23, 23, 21, 20, 21, 24, 28, 32, 17, 18, 0, 9, 8, 26, 26, 24, 23, 22, 20, 21, 23, 26, 28, 28, 32, 9, 31, 28, 28, 27, 25, 24, 23, 23, 24, 26, 28, 28, 28, 31, 33, 9, 8, 8, 29, 27, 27, 26, 27, 27, 29, 29, 31, 31, 34, 9, 0, 0, 0, 17, 16, 16, 15, 16, 31, 32, 32, 35, 19, 21, 0, 0, 0, 0, 0, 0, 0, 0, 34, 34, 35, 39, 0, 0, 0]","[ 0, 0, 0, 12, 25, 23, 21, 21, 24, 25, 24, 11, 0, 0, 0, 0, 2, 12, 18, 25, 23, 21, 21, 24, 25, 24, 16, 9, 2, 0, 0, 7, 31, 27, 25, 23, 20, 20, 24, 26, 26, 24, 23, 5, 0, 22, 23, 35, 30, 26, 25, 23, 23, 25, 26, 26, 27, 27, 17, 14, 41, 37, 34, 31, 28, 27, 25, 25, 26, 26, 27, 28, 27, 26, 27, 16, 14, 21, 34, 30, 30, 28, 27, 28, 28, 28, 30, 17, 10, 10, 0, 0, 12, 35, 32, 31, 30, 29, 29, 29, 29, 32, 11, 0, 0]",4
"[ 0, 0, 0, 0, 6, 22, 23, 25, 12, 0, 0, 0, 0, 0, 0, 0, 1, 11, 11, 14, 21, 21, 22, 17, 14, 16, 18, 3, 0, 0, 8, 9, 21, 20, 20, 21, 20, 19, 21, 24, 28, 31, 12, 8, 0, 28, 26, 23, 22, 21, 22, 21, 21, 22, 24, 25, 28, 28, 28, 1, 8, 9, 26, 25, 24, 23, 23, 23, 24, 24, 25, 29, 29, 29, 24, 0, 2, 16, 18, 26, 25, 25, 25, 26, 26, 27, 30, 32, 19, 19, 0, 0, 0, 7, 28, 27, 27, 28, 28, 29, 29, 32, 34, 3, 0]","[ 0, 0, 0, 13, 26, 23, 20, 20, 21, 19, 18, 8, 0, 0, 0, 0, 4, 17, 21, 25, 23, 20, 21, 21, 20, 19, 15, 12, 3, 0, 12, 14, 29, 27, 25, 23, 21, 22, 22, 22, 22, 22, 23, 12, 9, 41, 34, 28, 27, 25, 24, 22, 24, 23, 24, 24, 25, 28, 30, 31, 12, 14, 28, 26, 26, 26, 24, 25, 25, 25, 25, 28, 15, 9, 9, 0, 3, 16, 21, 28, 27, 26, 26, 15, 14, 15, 17, 6, 0, 0, 0, 0, 0, 14, 30, 28, 28, 27, 0, 0, 0, 0, 0, 0, 0]",4
"[ 0, 0, 4, 21, 20, 19, 17, 18, 19, 23, 28, 34, 6, 0, 0, 9, 9, 12, 23, 22, 20, 19, 19, 20, 23, 27, 32, 14, 11, 0, 24, 24, 24, 25, 24, 23, 21, 21, 21, 23, 26, 29, 29, 28, 1, 13, 15, 28, 28, 27, 25, 24, 23, 23, 24, 26, 28, 30, 30, 17, 0, 3, 28, 28, 29, 27, 25, 25, 25, 26, 27, 28, 28, 28, 31, 0, 1, 11, 15, 29, 28, 27, 27, 27, 28, 29, 30, 14, 11, 12, 0, 0, 0, 7, 30, 29, 28, 28, 28, 28, 30, 31, 5, 0, 0]","[ 0, 0, 0, 0, 0, 0, 0, 24, 25, 26, 15, 0, 0, 0, 0, 0, 0, 3, 9, 8, 7, 7, 23, 25, 25, 18, 8, 8, 2, 0, 0, 0, 8, 24, 20, 18, 18, 22, 25, 25, 23, 21, 20, 4, 0, 20, 17, 19, 25, 22, 20, 20, 23, 26, 25, 25, 24, 24, 16, 15, 38, 32, 27, 25, 22, 22, 21, 24, 26, 26, 26, 26, 25, 27, 27, 14, 12, 16, 26, 24, 24, 24, 26, 27, 27, 28, 29, 16, 10, 10, 0, 0, 9, 26, 25, 26, 25, 27, 27, 27, 29, 30, 10, 0, 0]",4
"[ 0, 0, 0, 5, 22, 23, 25, 28, 31, 33, 38, 44, 7, 0, 0, 0, 1, 13, 15, 22, 23, 23, 25, 26, 28, 33, 37, 24, 22, 1, 8, 9, 23, 23, 23, 23, 23, 23, 23, 25, 28, 31, 35, 36, 9, 29, 28, 26, 26, 25, 24, 24, 24, 23, 24, 26, 28, 30, 30, 30, 8, 10, 27, 26, 26, 25, 25, 24, 24, 24, 26, 27, 28, 29, 9, 0, 2, 16, 18, 27, 27, 26, 26, 26, 26, 27, 28, 18, 16, 1, 0, 0, 0, 7, 29, 29, 27, 27, 28, 28, 29, 31, 5, 0, 0 ]","[ 0, 0, 0, 11, 23, 20, 19, 20, 22, 24, 23, 10, 0, 0, 0, 0, 4, 19, 17, 21, 20, 18, 20, 22, 23, 23, 17, 12, 3, 0, 11, 16, 32, 22, 20, 19, 18, 21, 22, 23, 23, 23, 23, 10, 8, 39, 39, 32, 25, 21, 19, 20, 23, 24, 25, 26, 26, 26, 25, 27, 11, 16, 33, 27, 23, 23, 22, 24, 25, 26, 27, 27, 28, 11, 8, 0, 4, 19, 23, 27, 26, 25, 26, 26, 27, 28, 22, 17, 3, 0, 0, 0, 0, 15, 30, 28, 28, 28, 27, 27, 28, 13, 0, 0, 0 ]",4
"[ 0, 0, 0, 4, 19, 20, 23, 12, 0, 0, 0, 0, 0, 0, 0, 1, 11, 13, 19, 19, 21, 16, 11, 13, 14, 15, 3, 0, 0, 7, 8, 21, 20, 19, 19, 19, 18, 19, 22, 24, 26, 10, 7, 7, 26, 25, 24, 22, 21, 20, 19, 19, 19, 20, 22, 25, 26, 26, 26, 7, 9, 27, 25, 23, 22, 21, 22, 22, 23, 24, 26, 27, 9, 7, 0, 2, 16, 18, 25, 24, 24, 24, 24, 25, 27, 18, 16, 2, 0, 0, 0, 0, 6, 27, 25, 25, 26, 27, 27, 29, 7, 0, 0, 0 ]","[ 0, 0, 0, 0, 22, 24, 22, 20, 20, 21, 21, 20, 9, 0, 0, 0, 7, 20, 17, 23, 22, 20, 18, 19, 21, 21, 21, 17, 12, 13, 12, 18, 35, 29, 24, 21, 19, 18, 19, 21, 22, 22, 23, 17, 16, 41, 37, 34, 29, 26, 23, 22, 21, 21, 23, 23, 24, 25, 7, 0, 12, 18, 34, 31, 29, 25, 24, 23, 23, 24, 23, 7, 7, 2, 0, 0, 6, 20, 18, 29, 28, 27, 20, 14, 14, 13, 0, 0, 0, 0, 0, 0, 0, 0, 29, 30, 28, 13, 0, 0, 0, 0, 0, 0, 0 ]",4
"[ 0, 0, 0, 4, 20, 21, 22, 23, 10, 0, 0, 0, 0, 0, 0, 0, 1, 13, 14, 21, 20, 19, 20, 14, 11, 13, 16, 3, 0, 0, 7, 8, 24, 23, 22, 20, 18, 18, 18, 19, 22, 27, 11, 8, 0, 24, 24, 26, 26, 25, 23, 20, 19, 18, 18, 19, 23, 27, 27, 1, 7, 9, 27, 26, 25, 24, 22, 22, 21, 21, 22, 25, 27, 27, 20, 0, 2, 16, 18, 26, 26, 24, 24, 23, 23, 25, 27, 28, 17, 15, 0, 0, 0, 6, 28, 28, 26, 25, 25, 25, 27, 29, 31, 3, 0 ]","[ 0, 0, 0, 0, 20, 20, 19, 18, 18, 18, 17, 0, 0, 0, 0, 0, 5, 17, 12, 19, 18, 18, 18, 18, 18, 19, 11, 5, 0, 0, 12, 17, 29, 23, 19, 18, 17, 18, 19, 19, 20, 20, 12, 6, 1, 40, 35, 32, 25, 21, 21, 18, 20, 20, 21, 21, 20, 21, 22, 2, 12, 18, 33, 28, 25, 23, 21, 22, 22, 23, 23, 23, 24, 25, 19, 0, 6, 20, 27, 28, 26, 24, 24, 23, 25, 25, 25, 20, 15, 15, 0, 0, 0, 24, 31, 27, 26, 25, 24, 26, 27, 27, 13, 0, 0 ]",4
"[ 0, 0, 0, 4, 20, 19, 20, 21, 21, 25, 29, 7, 0, 0, 0, 0, 1, 11, 13, 20, 19, 19, 19, 19, 21, 24, 17, 16, 2, 0, 7, 8, 21, 20, 21, 19, 18, 18, 18, 18, 21, 24, 27, 9, 8, 25, 25, 24, 23, 23, 20, 19, 19, 20, 20, 21, 23, 25, 26, 28, 7, 7, 10, 26, 26, 23, 22, 22, 23, 23, 24, 26, 28, 9, 8, 0, 0, 3, 16, 15, 14, 14, 20, 27, 28, 29, 19, 17, 2, 0, 0, 0, 0, 0, 0, 0, 14, 29, 31, 33, 8, 0, 0, 0 ]","[ 0, 0, 0, 0, 0, 0, 0, 11, 21, 20, 17, 0, 0, 0, 0, 0, 0, 9, 14, 12, 12, 12, 16, 21, 20, 19, 11, 10, 3, 0, 11, 10, 19, 24, 21, 20, 20, 20, 21, 21, 21, 20, 19, 10, 7, 39, 36, 30, 23, 20, 19, 19, 21, 21, 22, 22, 22, 22, 23, 25, 11, 17, 29, 24, 23, 22, 20, 21, 22, 23, 23, 24, 25, 12, 7, 0, 5, 17, 22, 25, 23, 21, 22, 24, 24, 24, 14, 15, 5, 0, 0, 0, 0, 18, 26, 23, 22, 23, 25, 26, 24, 0, 0, 0, 0 ]",4
"[ 0, 0, 0, 5, 22, 21, 22, 11, 0, 0, 0, 0, 0, 0, 0, 1, 12, 14, 20, 18, 18, 14, 10, 12, 14, 16, 3, 0, 0, 8, 9, 21, 21, 19, 16, 16, 16, 17, 20, 24, 26, 10, 8, 8, 27, 28, 25, 22, 19, 17, 17, 16, 17, 18, 21, 24, 25, 27, 29, 8, 10, 27, 24, 21, 19, 18, 18, 19, 21, 23, 25, 27, 28, 9, 0, 2, 16, 17, 24, 22, 21, 22, 23, 24, 26, 28, 18, 17, 1, 0, 0, 0, 6, 26, 24, 23, 24, 26, 27, 29, 31, 5, 0, 0 ]","[ 0, 0, 0, 13, 25, 22, 20, 21, 22, 22, 20, 9, 0, 0, 0, 0, 3, 16, 19, 21, 20, 18, 19, 21, 21, 21, 15, 11, 2, 0, 12, 14, 28, 23, 19, 18, 17, 18, 20, 20, 21, 21, 21, 10, 7, 41, 35, 28, 23, 19, 18, 18, 19, 20, 20, 21, 23, 24, 25, 26, 12, 14, 30, 27, 22, 20, 21, 22, 23, 23, 24, 25, 13, 7, 7, 0, 4, 17, 22, 26, 23, 23, 25, 14, 14, 14, 15, 5, 0, 0, 0, 0, 0, 14, 28, 26, 26, 27, 0, 0, 0, 0, 0, 0, 0 ]",4
"[ 0, 0, 0, 5, 23, 26, 29, 33, 38, 40, 45, 48, 8, 0, 0, 0, 1, 10, 13, 22, 24, 26, 29, 33, 36, 40, 43, 27, 26, 1, 7, 8, 18, 18, 20, 21, 22, 25, 28, 31, 34, 36, 39, 42, 10, 23, 23, 20, 19, 20, 21, 20, 22, 24, 25, 30, 31, 31, 32, 33, 7, 8, 22, 21, 21, 21, 21, 22, 21, 22, 25, 27, 27, 28, 10, 0, 1, 14, 15, 23, 23, 23, 23, 21, 21, 24, 25, 17, 15, 1, 0, 0, 0, 6, 25, 24, 23, 24, 23, 22, 24, 25, 4, 0, 0 ]","[ 0, 0, 0, 0, 42, 43, 38, 33, 30, 26, 19, 0, 0, 0, 0, 0, 9, 27, 23, 39, 38, 33, 29, 26, 23, 19, 10, 5, 0, 0, 12, 22, 43, 37, 33, 31, 27, 25, 21, 19, 18, 17, 11, 6, 1, 41, 37, 32, 28, 24, 23, 21, 21, 18, 17, 18, 18, 19, 19, 2, 12, 16, 27, 25, 21, 19, 18, 19, 17, 18, 19, 19, 21, 22, 17, 0, 5, 15, 20, 19, 17, 17, 18, 18, 19, 20, 21, 18, 13, 13, 0, 0, 0, 16, 19, 17, 18, 18, 19, 20, 21, 22, 12, 0, 0 ]",5
"[ 0, 0, 0, 0, 14, 21, 26, 31, 33, 34, 38, 41, 32, 0, 0, 0, 0, 5, 6, 16, 21, 24, 28, 30, 31, 35, 37, 30, 9, 11, 0, 0, 14, 17, 18, 20, 21, 22, 24, 26, 29, 31, 27, 24, 29, 15, 13, 20, 20, 20, 21, 21, 21, 22, 25, 27, 30, 28, 26, 16, 27, 24, 23, 22, 22, 22, 21, 20, 21, 24, 27, 30, 28, 25, 0, 10, 9, 9, 20, 24, 24, 23, 22, 24, 26, 29, 27, 11, 10, 0, 0, 0, 0, 19, 25, 25, 24, 24, 25, 28, 30, 25, 0, 0, 0 ]","[ 0, 0, 0, 0, 23, 30, 25, 21, 19, 19, 17, 11, 0, 0, 0, 0, 0, 8, 9, 22, 26, 23, 21, 19, 20, 18, 14, 8, 9, 9, 0, 0, 21, 22, 21, 21, 21, 20, 20, 20, 19, 19, 21, 22, 23, 17, 14, 24, 23, 21, 20, 20, 21, 21, 23, 22, 22, 26, 25, 13, 32, 27, 23, 22, 21, 19, 19, 21, 23, 25, 24, 25, 27, 24, 0, 12, 10, 9, 21, 22, 20, 20, 22, 24, 25, 24, 20, 10, 9, 0, 0, 0, 0, 20, 23, 21, 20, 22, 25, 25, 24, 18, 0, 0, 0 ]",5
"[ 0, 0, 0, 11, 22, 25, 26, 28, 28, 30, 33, 35, 24, 0, 0, 0, 5, 7, 14, 21, 23, 24, 25, 26, 28, 30, 32, 25, 11, 11, 0, 14, 17, 18, 20, 20, 21, 21, 23, 25, 25, 26, 27, 27, 30, 13, 18, 19, 18, 19, 21, 21, 21, 23, 24, 26, 27, 30, 29, 16, 23, 20, 18, 18, 19, 21, 21, 20, 23, 24, 27, 29, 30, 26, 0, 9, 8, 7, 14, 21, 24, 24, 23, 25, 26, 30, 22, 12, 10, 0, 0, 0, 0, 11, 23, 25, 26, 25, 26, 27, 32, 18, 0, 0, 0 ]","[ 0, 0, 0, 0, 0, 0, 0, 0, 17, 18, 18, 18, 12, 0, 0, 0, 0, 0, 4, 8, 7, 7, 7, 18, 19, 18, 19, 15, 8, 9, 0, 0, 0, 11, 20, 19, 18, 18, 19, 19, 19, 20, 21, 22, 22, 15, 13, 12, 17, 21, 20, 19, 19, 20, 20, 21, 22, 24, 23, 12, 27, 24, 21, 21, 21, 19, 18, 19, 21, 22, 23, 24, 25, 22, 0, 10, 9, 8, 16, 22, 19, 18, 20, 22, 23, 25, 18, 10, 8, 0, 0, 0, 0, 13, 23, 20, 18, 20, 23, 24, 27, 15, 0, 0, 0 ]",5
"[ 0, 0, 0, 11, 19, 19, 21, 22, 24, 27, 30, 33, 23, 0, 0, 9, 8, 8, 14, 20, 19, 20, 20, 22, 25, 28, 30, 24, 10, 11, 24, 21, 20, 20, 20, 19, 18, 18, 20, 23, 25, 27, 27, 27, 28, 13, 11, 11, 16, 21, 20, 20, 20, 22, 24, 26, 27, 29, 26, 15, 0, 0, 0, 11, 20, 20, 20, 20, 23, 26, 28, 28, 28, 22, 0, 0, 0, 0, 4, 8, 8, 7, 7, 24, 28, 31, 22, 11, 9, 0, 0, 0, 0, 0, 0, 0, 0, 24, 30, 33, 18, 0, 0, 0 ]","[ 0, 0, 0, 29, 27, 22, 21, 19, 20, 18, 17, 0, 0, 0, 0, 12, 11, 11, 28, 26, 21, 20, 19, 20, 18, 18, 9, 9, 0, 0, 31, 30, 28, 26, 24, 19, 19, 19, 21, 19, 21, 22, 22, 0, 0, 17, 16, 30, 25, 24, 20, 20, 21, 23, 21, 23, 26, 26, 13, 13, 0, 0, 27, 21, 24, 21, 21, 22, 24, 22, 24, 27, 25, 24, 24, 0, 0, 10, 8, 25, 23, 23, 23, 25, 24, 26, 28, 10, 9, 9, 0, 0, 0, 0, 26, 25, 24, 23, 25, 26, 27, 28, 0, 0, 0 ]",5
"[ 0, 0, 0, 0, 19, 27, 29, 32, 37, 41, 45, 37, 0, 0, 0, 0, 0, 9, 11, 20, 25, 27, 30, 35, 40, 43, 41, 26, 25, 0, 5, 5, 16, 18, 20, 22, 24, 28, 32, 38, 41, 43, 45, 44, 13, 19, 19, 17, 16, 17, 19, 22, 26, 31, 36, 40, 40, 42, 45, 46, 5, 5, 5, 13, 16, 17, 19, 22, 25, 30, 34, 34, 34, 33, 13, 0, 0, 0, 7, 9, 10, 10, 16, 22, 25, 29, 27, 18, 16, 0, 0, 0, 0, 0, 0, 0, 9, 20, 23, 25, 21, 0, 0, 0 ]","[ 0, 0, 8, 45, 40, 38, 34, 30, 29, 27, 8, 0, 0, 0, 0, 19, 18, 22, 43, 39, 36, 33, 29, 28, 25, 12, 6, 1, 0, 0, 48, 46, 45, 41, 37, 34, 31, 28, 26, 23, 19, 16, 3, 0, 0, 26, 27, 41, 36, 33, 31, 28, 26, 23, 20, 18, 17, 10, 10, 0, 0, 3, 32, 30, 29, 27, 25, 23, 20, 17, 17, 18, 18, 20, 2, 0, 1, 12, 15, 25, 24, 21, 19, 17, 16, 17, 18, 20, 22, 17, 0, 0, 0, 5, 23, 21, 19, 16, 15, 16, 17, 18, 21, 24, 26 ]",5
"[ 0, 0, 0, 9, 31, 36, 38, 41, 31, 0, 0, 0, 0, 0, 0, 13, 13, 13, 18, 28, 32, 35, 39, 37, 26, 28, 9, 0, 0, 0, 16, 21, 23, 24, 25, 28, 31, 35, 39, 42, 46, 23, 13, 10, 0, 0, 17, 24, 23, 23, 26, 27, 28, 30, 33, 37, 42, 46, 34, 0, 0, 5, 7, 13, 28, 25, 26, 26, 27, 28, 30, 33, 36, 35, 27, 0, 0, 0, 5, 17, 15, 15, 21, 26, 26, 27, 28, 24, 20, 22, 0, 0, 0, 0, 0, 0, 0, 14, 27, 26, 26, 27, 13, 0, 0 ]","[ 0, 0, 0, 0, 5, 48, 50, 47, 32, 0, 0, 0, 0, 0, 0, 0, 0, 10, 20, 21, 48, 48, 45, 34, 12, 12, 4, 0, 0, 0, 0, 0, 27, 52, 46, 46, 44, 41, 37, 32, 32, 10, 0, 0, 0, 22, 20, 32, 44, 41, 39, 36, 34, 32, 30, 30, 17, 12, 8, 0, 41, 36, 33, 32, 32, 30, 28, 27, 26, 25, 26, 25, 24, 17, 2, 16, 14, 23, 31, 29, 27, 25, 25, 25, 26, 26, 26, 26, 23, 19, 0, 0, 16, 30, 26, 24, 23, 23, 25, 27, 26, 26, 27, 27, 29 ]",5
"[ 0, 0, 0, 7, 24, 26, 29, 33, 26, 0, 0, 0, 0, 0, 0, 9, 8, 7, 12, 23, 24, 27, 31, 28, 14, 15, 5, 0, 0, 0, 22, 21, 20, 20, 22, 22, 24, 28, 32, 36, 40, 12, 0, 0, 0, 12, 11, 17, 22, 22, 22, 22, 26, 30, 35, 39, 25, 20, 14, 0, 0, 0, 11, 22, 21, 21, 21, 23, 27, 31, 35, 37, 39, 29, 3, 0, 0, 4, 8, 9, 20, 21, 23, 26, 29, 32, 33, 35, 33, 26, 0, 0, 0, 0, 2, 20, 21, 23, 26, 28, 30, 31, 32, 36, 40 ]","[ 0, 0, 0, 18, 35, 38, 38, 36, 32, 30, 27, 14, 0, 0, 0, 14, 12, 9, 21, 33, 36, 35, 33, 31, 28, 26, 17, 8, 6, 0, 36, 30, 24, 26, 30, 33, 31, 29, 28, 26, 24, 22, 20, 15, 0, 20, 16, 22, 26, 28, 29, 28, 27, 26, 24, 23, 23, 23, 21, 13, 0, 0, 17, 25, 25, 26, 25, 24, 24, 23, 22, 23, 25, 24, 24, 0, 0, 7, 10, 15, 25, 24, 23, 23, 23, 23, 25, 20, 9, 9, 0, 0, 0, 0, 10, 24, 24, 23, 23, 23, 24, 25, 17, 0, 0 ]",5
"[24, 23, 22, 21, 23, 26, 30, 34, 38, 21, 0, 0, 0, 0, 0, 15, 15, 17, 21, 23, 25, 28, 32, 37, 28, 16, 18, 6, 0, 0, 2, 2, 8, 21, 22, 23, 25, 28, 34, 38, 42, 48, 16, 0, 0, 0, 0, 4, 11, 11, 17, 23, 25, 30, 35, 40, 46, 30, 13, 0, 0, 0, 0, 0, 0, 10, 20, 20, 25, 30, 35, 40, 42, 27, 3, 0, 0, 0, 0, 0, 4, 8, 8, 21, 28, 32, 36, 38, 34, 26, 0, 0, 0, 0, 0, 0, 0, 0, 19, 27, 30, 34, 36, 38, 41]","[0, 0, 0, 12, 39, 40, 39, 37, 25, 0, 0, 0, 0, 0, 0, 10, 10, 10, 18, 36, 36, 35, 34, 26, 10, 9, 3, 0, 0, 0, 27, 27, 27, 28, 31, 31, 30, 29, 28, 26, 24, 7, 0, 0, 0, 15, 15, 22, 28, 28, 27, 27, 27, 27, 26, 26, 16, 12, 8, 0, 0, 0, 13, 25, 24, 22, 22, 24, 25, 25, 25, 24, 24, 17, 2, 0, 0, 5, 10, 9, 9, 9, 17, 25, 25, 25, 25, 25, 22, 17, 0, 0, 0, 0, 0, 0, 13, 26, 26, 26, 26, 26, 26, 27]",5
"[0, 0, 0, 0, 0, 0, 4, 33, 36, 41, 45, 47, 32, 0, 0, 0, 0, 0, 6, 13, 15, 18, 31, 34, 40, 44, 48, 43, 29, 28, 0, 4, 5, 13, 22, 26, 28, 29, 31, 37, 42, 46, 47, 45, 35, 0, 15, 18, 19, 20, 23, 25, 26, 29, 33, 37, 39, 40, 31, 0, 16, 18, 18, 17, 17, 19, 21, 23, 24, 27, 30, 22, 11, 9, 0, 13, 11, 10, 13, 16, 18, 20, 21, 14, 14, 16, 9, 0, 0, 0, 0, 0, 0, 9, 17, 18, 19, 19, 2, 0, 0, 0, 0, 0, 0]","[0, 0, 0, 0, 0, 0, 0, 14, 27, 25, 23, 15, 0, 0, 0, 0, 0, 0, 0, 13, 18, 18, 22, 26, 23, 20, 16, 9, 8, 0, 0, 0, 8, 9, 25, 31, 29, 26, 23, 20, 18, 16, 16, 16, 7, 0, 0, 28, 31, 30, 29, 25, 21, 19, 18, 17, 16, 17, 20, 23, 22, 20, 26, 26, 26, 23, 20, 18, 17, 17, 18, 19, 18, 6, 7, 18, 16, 15, 21, 23, 21, 18, 13, 9, 10, 10, 11, 10, 0, 0, 0, 0, 0, 17, 22, 20, 17, 8, 0, 0, 0, 0, 0, 0, 0]",5
"[0, 0, 0, 0, 0, 0, 4, 32, 35, 38, 42, 47, 33, 0, 0, 0, 0, 0, 6, 11, 12, 15, 28, 32, 35, 38, 41, 36, 21, 21, 0, 4, 5, 12, 19, 21, 22, 24, 27, 30, 32, 34, 35, 33, 26, 0, 15, 19, 19, 19, 19, 19, 21, 23, 25, 27, 27, 28, 22, 0, 18, 20, 20, 20, 19, 19, 19, 20, 21, 23, 24, 17, 8, 6, 0, 14, 13, 12, 17, 21, 21, 21, 22, 13, 12, 13, 7, 0, 0, 0, 0, 0, 0, 13, 24, 24, 25, 25, 3, 0, 0, 0, 0, 0, 0]","[0, 0, 0, 0, 0, 0, 0, 15, 28, 24, 20, 4, 0, 0, 0, 0, 0, 3, 19, 17, 17, 16, 21, 24, 21, 18, 11, 11, 1, 0, 10, 9, 13, 31, 27, 27, 26, 23, 20, 18, 17, 18, 19, 8, 7, 36, 33, 31, 27, 23, 22, 20, 18, 15, 15, 16, 19, 21, 22, 24, 10, 11, 28, 25, 21, 20, 19, 16, 15, 17, 19, 21, 8, 6, 7, 0, 2, 16, 16, 21, 20, 19, 13, 9, 10, 11, 13, 2, 0, 0, 0, 0, 0, 5, 22, 20, 20, 9, 0, 0, 0, 0, 0, 0, 0]",5
"[0, 0, 0, 11, 19, 19, 18, 18, 20, 23, 26, 28, 20, 0, 0, 9, 9, 9, 15, 20, 19, 18, 18, 19, 22, 25, 28, 23, 10, 10, 23, 24, 22, 22, 21, 20, 18, 18, 18, 20, 23, 26, 27, 27, 26, 13, 13, 12, 17, 22, 21, 20, 21, 21, 23, 25, 27, 28, 26, 14, 0, 0, 0, 12, 22, 20, 21, 22, 23, 25, 27, 27, 27, 22, 0, 0, 0, 0, 5, 8, 8, 8, 9, 23, 28, 30, 21, 10, 9, 0, 0, 0, 0, 0, 0, 0, 0, 23, 29, 31, 17, 0, 0, 0]","[0, 0, 0, 0, 17, 24, 23, 21, 19, 19, 19, 18, 16, 0, 0, 0, 8, 8, 18, 22, 22, 20, 19, 19, 19, 19, 19, 9, 9, 0, 0, 20, 21, 19, 18, 19, 19, 18, 19, 20, 22, 24, 23, 24, 16, 14, 24, 24, 21, 20, 20, 20, 20, 21, 22, 23, 27, 26, 13, 30, 26, 25, 25, 22, 21, 22, 22, 23, 23, 23, 25, 26, 24, 0, 11, 10, 10, 22, 23, 22, 23, 23, 24, 25, 26, 23, 10, 9, 0, 0, 0, 0, 21, 24, 23, 24, 24, 25, 26, 28, 21, 0, 0, 0]",5
"[0, 0, 0, 17, 22, 25, 27, 29, 18, 0, 0, 0, 0, 0, 0, 11, 10, 11, 19, 22, 24, 27, 29, 26, 20, 23, 19, 0, 0, 0, 14, 12, 18, 20, 21, 23, 25, 28, 31, 35, 39, 36, 13, 13, 0, 0, 0, 16, 20, 20, 22, 24, 26, 29, 33, 38, 43, 46, 44, 0, 0, 0, 5, 6, 15, 19, 19, 20, 24, 28, 33, 38, 43, 44, 33, 0, 0, 0, 0, 8, 10, 10, 14, 20, 23, 27, 32, 34, 25, 26, 0, 0, 0, 0, 0, 0, 0, 8, 18, 20, 23, 26, 24, 0, 0]","[0, 0, 0, 31, 39, 37, 37, 36, 20, 0, 0, 0, 0, 0, 0, 28, 25, 21, 34, 38, 37, 35, 34, 25, 15, 10, 0, 0, 0, 0, 35, 32, 34, 35, 35, 34, 32, 30, 28, 25, 18, 6, 4, 0, 0, 0, 0, 25, 29, 29, 28, 27, 27, 25, 22, 20, 20, 15, 0, 0, 0, 0, 7, 8, 19, 23, 22, 22, 20, 18, 18, 18, 16, 11, 0, 0, 0, 0, 0, 9, 12, 11, 16, 19, 18, 19, 19, 19, 18, 10, 0, 0, 0, 0, 0, 0, 0, 10, 20, 20, 22, 23, 23, 23, 24]",5
"[0, 0, 0, 0, 15, 27, 31, 34, 37, 42, 46, 23, 0, 0, 0, 0, 0, 5, 16, 21, 25, 30, 32, 36, 39, 44, 42, 40, 8, 0, 1, 11, 12, 17, 19, 21, 25, 27, 31, 34, 37, 42, 45, 30, 26, 10, 17, 16, 15, 15, 17, 20, 22, 25, 28, 30, 34, 34, 35, 21, 13, 13, 18, 16, 15, 15, 16, 17, 20, 22, 25, 26, 20, 18, 1, 0, 3, 16, 17, 16, 14, 16, 17, 18, 19, 20, 18, 6, 0, 0, 0, 0, 0, 10, 19, 17, 18, 20, 19, 19, 12, 0, 0, 0, 0]","[0, 0, 0, 0, 0, 0, 0, 0, 33, 28, 25, 0, 0, 0, 0, 0, 0, 0, 0, 7, 34, 33, 31, 24, 20, 19, 17, 10, 0, 0, 0, 0, 0, 35, 32, 28, 26, 23, 16, 16, 17, 18, 18, 19, 3, 0, 13, 30, 27, 24, 21, 20, 15, 14, 14, 17, 19, 23, 27, 29, 37, 30, 26, 24, 21, 21, 20, 18, 16, 16, 18, 21, 26, 11, 0, 0, 14, 31, 27, 23, 22, 22, 22, 21, 21, 22, 0, 0, 0, 0, 0, 0, 0, 0, 27, 27, 27, 26, 0, 0, 0, 0, 0, 0, 0]",5
"[0, 0, 0, 7, 25, 26, 28, 31, 34, 38, 42, 13, 0, 0, 0, 9, 8, 8, 12, 23, 24, 26, 29, 32, 36, 40, 21, 12, 9, 0, 24, 22, 20, 21, 21, 21, 24, 27, 29, 33, 36, 34, 33, 23, 0, 13, 12, 17, 22, 21, 21, 23, 25, 27, 29, 31, 31, 31, 27, 17, 0, 0, 11, 21, 20, 21, 22, 23, 24, 25, 27, 26, 27, 28, 31, 0, 0, 4, 8, 9, 23, 24, 25, 25, 26, 28, 28, 19, 11, 12, 0, 0, 0, 0, 3, 24, 26, 26, 26, 27, 29, 30, 15, 0, 0]","[0, 0, 0, 0, 25, 36, 35, 33, 18, 0, 0, 0, 0, 0, 0, 0, 0, 13, 14, 28, 34, 33, 30, 20, 8, 7, 6, 5, 0, 0, 0, 0, 34, 36, 34, 32, 29, 27, 23, 20, 18, 16, 13, 0, 0, 22, 19, 36, 35, 32, 30, 27, 25, 22, 20, 19, 18, 17, 11, 13, 40, 36, 32, 30, 29, 27, 25, 22, 20, 19, 18, 20, 20, 21, 23, 15, 14, 12, 24, 28, 26, 24, 22, 22, 21, 21, 23, 22, 8, 9, 0, 0, 0, 21, 27, 26, 23, 22, 22, 22, 23, 25, 22, 0, 0]",5
"[0, 0, 0, 0, 17, 26, 29, 32, 36, 38, 39, 31, 0, 0, 0, 0, 0, 5, 6, 17, 24, 26, 28, 31, 33, 34, 29, 9, 10, 10, 0, 0, 12, 16, 18, 20, 21, 23, 24, 25, 26, 26, 24, 26, 26, 11, 11, 16, 17, 18, 19, 20, 21, 22, 23, 24, 25, 26, 27, 14, 20, 20, 17, 17, 18, 19, 19, 20, 21, 22, 23, 25, 25, 25, 0, 8, 8, 7, 16, 19, 20, 21, 22, 22, 23, 26, 24, 10, 10, 0, 0, 0, 0, 15, 20, 21, 22, 23, 23, 25, 27, 24, 0, 0, 0]","[0, 0, 0, 0, 36, 32, 30, 29, 23, 19, 19, 17, 0, 0, 0, 0, 0, 14, 12, 34, 30, 28, 27, 21, 18, 19, 17, 7, 8, 8, 0, 0, 35, 32, 31, 27, 24, 23, 18, 17, 19, 18, 18, 20, 21, 13, 15, 33, 31, 28, 25, 22, 21, 18, 18, 20, 20, 22, 11, 12, 24, 27, 25, 27, 25, 23, 20, 19, 17, 19, 21, 20, 23, 0, 0, 9, 10, 10, 27, 25, 23, 21, 20, 20, 22, 23, 7, 9, 0, 0, 0, 0, 0, 27, 26, 23, 22, 21, 21, 23, 25, 0, 0, 0, 0]",5
"[0, 0, 0, 0, 8, 20, 19, 24, 33, 38, 43, 47, 33, 0, 0, 0, 0, 5, 8, 14, 22, 20, 22, 28, 33, 39, 43, 35, 15, 16, 0, 0, 14, 21, 23, 24, 21, 20, 20, 26, 32, 37, 38, 38, 41, 12, 12, 18, 23, 25, 25, 23, 22, 21, 25, 30, 35, 38, 35, 22, 22, 22, 20, 22, 25, 26, 25, 23, 22, 25, 29, 33, 34, 27, 0, 9, 9, 8, 17, 25, 26, 25, 24, 23, 27, 30, 23, 13, 11, 0, 0, 0, 0, 14, 26, 26, 25, 25, 24, 27, 31, 18, 0, 0, 0]","[0, 0, 0, 0, 29, 37, 32, 28, 27, 27, 24, 16, 0, 0, 0, 0, 0, 16, 18, 27, 31, 30, 28, 28, 27, 24, 19, 11, 10, 0, 10, 9, 28, 29, 25, 25, 27, 28, 28, 28, 25, 23, 21, 20, 7, 36, 32, 28, 26, 22, 22, 24, 26, 27, 28, 27, 26, 25, 26, 25, 10, 9, 26, 28, 25, 25, 25, 26, 27, 27, 28, 27, 28, 27, 7, 0, 0, 14, 16, 23, 27, 27, 27, 27, 28, 29, 26, 17, 16, 0, 0, 0, 0, 0, 18, 27, 28, 28, 28, 29, 30, 24, 0, 0, 0]",5
"[0, 0, 0, 0, 17, 18, 22, 24, 24, 23, 31, 36, 0, 0, 0, 0, 0, 6, 6, 17, 18, 20, 22, 22, 22, 28, 32, 9, 11, 13, 0, 0, 17, 17, 17, 17, 18, 19, 20, 19, 22, 27, 24, 30, 33, 14, 13, 20, 19, 18, 18, 18, 19, 20, 19, 21, 24, 26, 29, 18, 26, 23, 20, 19, 18, 18, 17, 18, 20, 19, 20, 21, 23, 24, 0, 10, 9, 8, 22, 20, 19, 18, 19, 21, 21, 21, 23, 9, 9, 0, 0, 0, 0, 23, 21, 20, 19, 20, 22, 22, 22, 25, 0, 0, 0]","[0, 0, 0, 0, 0, 0, 0, 0, 28, 22, 19, 17, 0, 0, 0, 0, 0, 0, 22, 21, 19, 15, 13, 23, 18, 17, 18, 12, 14, 0, 11, 10, 10, 36, 34, 31, 25, 21, 18, 15, 16, 20, 22, 27, 10, 37, 35, 36, 30, 29, 27, 20, 16, 17, 16, 18, 24, 26, 32, 35, 11, 10, 31, 28, 26, 23, 18, 16, 18, 20, 22, 29, 31, 9, 10, 0, 0, 17, 15, 26, 22, 20, 19, 11, 12, 14, 18, 19, 0, 0, 0, 0, 0, 0, 28, 25, 24, 24, 0, 0, 0, 0, 0, 0, 0]",5
"[0, 0, 0, 4, 15, 15, 16, 16, 19, 25, 30, 7, 0, 0, 0, 0, 1, 10, 12, 17, 16, 16, 15, 17, 22, 27, 18, 14, 1, 0, 7, 8, 19, 19, 18, 17, 17, 15, 16, 20, 23, 26, 25, 9, 8, 26, 24, 22, 21, 19, 18, 19, 17, 17, 19, 22, 24, 24, 26, 29, 7, 7, 9, 22, 21, 20, 20, 18, 17, 19, 22, 25, 27, 9, 8, 0, 0, 2, 13, 13, 12, 12, 15, 20, 22, 24, 17, 16, 2, 0, 0, 0, 0, 0, 0, 0, 0, 11, 23, 26, 27, 6, 0, 0, 0]","[0, 0, 8, 22, 15, 11, 13, 16, 16, 18, 19, 17, 5, 0, 0, 13, 11, 15, 22, 17, 13, 14, 16, 17, 19, 20, 18, 10, 7, 8, 33, 29, 26, 23, 19, 16, 15, 17, 18, 20, 21, 19, 18, 19, 20, 18, 18, 26, 23, 19, 18, 17, 19, 20, 22, 23, 22, 22, 13, 11, 0, 5, 24, 22, 20, 20, 19, 20, 21, 23, 24, 24, 23, 5, 0, 0, 2, 9, 15, 21, 21, 21, 22, 23, 25, 26, 17, 9, 2, 0, 0, 0, 0, 11, 22, 21, 22, 23, 24, 26, 27, 12, 0, 0, 0]",5
"[0, 0, 0, 0, 7, 26, 31, 35, 38, 41, 43, 45, 8, 0, 0, 0, 0, 2, 14, 17, 25, 30, 33, 36, 38, 40, 44, 39, 39, 1, 0, 11, 11, 16, 18, 23, 28, 31, 33, 36, 40, 44, 47, 48, 33, 7, 16, 15, 15, 16, 20, 24, 27, 29, 33, 37, 41, 42, 42, 25, 9, 10, 15, 15, 15, 17, 20, 21, 24, 27, 31, 34, 26, 24, 1, 0, 1, 14, 13, 16, 15, 16, 17, 17, 17, 20, 21, 4, 0, 0, 0, 0, 0, 4, 18, 16, 15, 16, 7, 0, 0, 0, 0, 0, 0]","[0, 0, 0, 0, 0, 0, 0, 0, 26, 24, 15, 0, 0, 0, 0, 0, 0, 0, 13, 27, 25, 22, 22, 25, 21, 17, 11, 3, 0, 0, 0, 5, 24, 28, 33, 29, 25, 24, 20, 17, 15, 13, 9, 10, 1, 16, 18, 32, 31, 27, 24, 20, 19, 16, 14, 14, 15, 15, 17, 11, 20, 20, 24, 23, 21, 19, 16, 15, 14, 14, 16, 18, 13, 12, 13, 0, 3, 14, 16, 17, 16, 15, 14, 12, 13, 15, 16, 5, 0, 0, 0, 0, 0, 8, 18, 16, 17, 17, 0, 0, 0, 0, 0, 0, 0]",5
"[0, 0, 0, 0, 9, 33, 35, 37, 40, 44, 48, 51, 8, 0, 0, 0, 0, 2, 15, 20, 32, 34, 36, 39, 43, 47, 50, 34, 31, 1, 0, 5, 9, 24, 26, 29, 32, 35, 37, 42, 45, 49, 52, 54, 17, 1, 19, 20, 22, 24, 26, 29, 33, 35, 40, 44, 48, 52, 54, 54, 16, 20, 21, 20, 20, 22, 25, 29, 32, 36, 40, 43, 46, 49, 16, 13, 11, 13, 20, 19, 20, 22, 24, 27, 31, 35, 38, 27, 27, 1, 0, 0, 3, 20, 19, 18, 20, 21, 23, 26, 31, 34, 6, 0, 0]","[0, 0, 0, 20, 43, 41, 39, 36, 33, 29, 16, 0, 0, 0, 0, 0, 7, 34, 36, 39, 38, 37, 33, 29, 26, 20, 15, 5, 0, 0, 31, 29, 39, 36, 34, 32, 30, 27, 24, 22, 19, 17, 12, 11, 1, 25, 34, 29, 28, 27, 25, 23, 21, 20, 19, 18, 16, 16, 18, 11, 1, 18, 17, 21, 21, 20, 18, 17, 18, 17, 17, 17, 19, 13, 14, 0, 0, 5, 17, 19, 18, 17, 17, 18, 18, 16, 15, 18, 4, 0, 0, 0, 0, 10, 20, 19, 19, 20, 22, 21, 12, 0, 0, 0, 0]",5
